timestamp,experiment_id,mode,img_size,batch_size,learning_rate,epochs,early_stop_patience,val_max_batches,num_workers,pin_memory,epsilon_v,epsilon_f,hinge_cap,lambda_l2,gamma_tv,lambda_col,vanish_lambda_l2,vanish_gamma_tv,vanish_lambda_col,epoch,run_v,run_f,v_best_loss,v_patience_counter,v_stopped,f_best_loss,f_patience_counter,f_stopped,lv,lf,v_missed,v_new,v_cls_chg,f_missed,f_new,f_cls_chg,psnr_v,psnr_f,linf_v,linf_f,,,prefetch_factor,persistent_workers,psnr_o,ssim_v,ssim_f,lpips_v,lpips_f,speed_o,speed_v,speed_f
2026-04-08T20:18:54,V1,Vanish only,640,2,0.0001,20,4,12,0,1,0.0471,0.0156862745,0.5,15,1.5,3,0,0,0,1,1,0,0.337638661,0,0,,,,0.337638661,0,15.66666667,3.25,3.166666667,0,0,0,44.09363951,0,0.0471000001,0,,,,,,,,,,,,
2026-04-08T20:18:54,V1,Vanish only,640,2,0.0001,20,4,12,0,1,0.0471,0.0156862745,0.5,15,1.5,3,0,0,0,2,1,0,0.318887415,0,0,,,,0.318887415,0,16.83333333,2.833333333,4.083333333,0,0,0,43.79921362,0,0.0471000001,0,,,,,,,,,,,,
2026-04-08T20:18:54,V1,Vanish only,640,2,0.0001,20,4,12,0,1,0.0471,0.0156862745,0.5,15,1.5,3,0,0,0,3,1,0,0.300834247,0,0,,,,0.300834247,0,17.66666667,3.25,3.916666667,0,0,0,43.57047734,0,0.0471000001,0,,,,,,,,,,,,
2026-04-08T20:18:54,V1,Vanish only,640,2,0.0001,20,4,12,0,1,0.0471,0.0156862745,0.5,15,1.5,3,0,0,0,4,1,0,0.285140917,0,0,,,,0.285140917,0,18.41666667,3.25,4.25,0,0,0,43.59497622,0,0.0471000001,0,,,,,,,,,,,,
2026-04-08T20:18:54,V1,Vanish only,640,2,0.0001,20,4,12,0,1,0.0471,0.0156862745,0.5,15,1.5,3,0,0,0,5,1,0,0.279311718,0,0,,,,0.279311718,0,18.91666667,3.666666667,3.333333333,0,0,0,43.55809998,0,0.0471000001,0,,,,,,,,,,,,
2026-04-08T20:18:54,V1,Vanish only,640,2,0.0001,20,4,12,0,1,0.0471,0.0156862745,0.5,15,1.5,3,0,0,0,6,1,0,0.257889045,0,0,,,,0.257889045,0,20.58333333,4.166666667,4,0,0,0,43.50001618,0,0.0471000001,0,,,,,,,,,,,,
2026-04-08T20:18:54,V1,Vanish only,640,2,0.0001,20,4,12,0,1,0.0471,0.0156862745,0.5,15,1.5,3,0,0,0,7,1,0,0.245705239,0,0,,,,0.245705239,0,21.08333333,2.333333333,4.25,0,0,0,43.61535755,0,0.0471000001,0,,,,,,,,,,,,
2026-04-08T20:18:54,V1,Vanish only,640,2,0.0001,20,4,12,0,1,0.0471,0.0156862745,0.5,15,1.5,3,0,0,0,8,1,0,0.217307129,0,0,,,,0.217307129,0,22,2.833333333,3.666666667,0,0,0,43.49454558,0,0.0471000001,0,,,,,,,,,,,,
2026-04-08T20:18:54,V1,Vanish only,640,2,0.0001,20,4,12,0,1,0.0471,0.0156862745,0.5,15,1.5,3,0,0,0,9,1,0,0.201735,0,0,,,,0.201735,0,22.25,2.083333333,4.416666667,0,0,0,43.49423077,0,0.0471000001,0,,,,,,,,,,,,
2026-04-08T20:18:54,V1,Vanish only,640,2,0.0001,20,4,12,0,1,0.0471,0.0156862745,0.5,15,1.5,3,0,0,0,10,1,0,0.201735,1,0,,,,0.215440877,0,21.66666667,3,4.166666667,0,0,0,43.47323022,0,0.0471000001,0,,,,,,,,,,,,
2026-04-08T20:18:54,V1,Vanish only,640,2,0.0001,20,4,12,0,1,0.0471,0.0156862745,0.5,15,1.5,3,0,0,0,11,1,0,0.201735,2,0,,,,0.201996706,0,23.33333333,2.916666667,3.583333333,0,0,0,43.4391175,0,0.0471000001,0,,,,,,,,,,,,
2026-04-08T20:18:54,V1,Vanish only,640,2,0.0001,20,4,12,0,1,0.0471,0.0156862745,0.5,15,1.5,3,0,0,0,12,1,0,0.195089838,0,0,,,,0.195089838,0,23.16666667,2.083333333,3.166666667,0,0,0,43.39788889,0,0.0471000001,0,,,,,,,,,,,,
2026-04-08T20:18:54,V1,Vanish only,640,2,0.0001,20,4,12,0,1,0.0471,0.0156862745,0.5,15,1.5,3,0,0,0,13,1,0,0.186184355,0,0,,,,0.186184355,0,22.75,2.916666667,4.083333333,0,0,0,43.49421547,0,0.0471000001,0,,,,,,,,,,,,
2026-04-08T20:18:54,V1,Vanish only,640,2,0.0001,20,4,12,0,1,0.0471,0.0156862745,0.5,15,1.5,3,0,0,0,14,1,0,0.182691297,0,0,,,,0.182691297,0,23.33333333,2.583333333,3.666666667,0,0,0,43.38990477,0,0.0471000001,0,,,,,,,,,,,,
2026-04-08T20:18:54,V1,Vanish only,640,2,0.0001,20,4,12,0,1,0.0471,0.0156862745,0.5,15,1.5,3,0,0,0,15,1,0,0.182691297,1,0,,,,0.185451618,0,24,2.25,3.5,0,0,0,43.46254795,0,0.0471000001,0,,,,,,,,,,,,
2026-04-08T20:18:54,V1,Vanish only,640,2,0.0001,20,4,12,0,1,0.0471,0.0156862745,0.5,15,1.5,3,0,0,0,16,1,0,0.171681034,0,0,,,,0.171681034,0,24.58333333,2.25,3.166666667,0,0,0,43.44462599,0,0.0471000001,0,,,,,,,,,,,,
2026-04-08T20:18:54,V1,Vanish only,640,2,0.0001,20,4,12,0,1,0.0471,0.0156862745,0.5,15,1.5,3,0,0,0,17,1,0,0.168324941,0,0,,,,0.168324941,0,24.66666667,3,3.416666667,0,0,0,43.454783,0,0.0471000001,0,,,,,,,,,,,,
2026-04-08T20:18:54,V1,Vanish only,640,2,0.0001,20,4,12,0,1,0.0471,0.0156862745,0.5,15,1.5,3,0,0,0,18,1,0,0.168324941,1,0,,,,0.182308999,0,24,2.583333333,3.583333333,0,0,0,43.36631536,0,0.0471000001,0,,,,,,,,,,,,
2026-04-08T20:18:54,V1,Vanish only,640,2,0.0001,20,4,12,0,1,0.0471,0.0156862745,0.5,15,1.5,3,0,0,0,19,1,0,0.168324941,2,0,,,,0.174159511,0,24.75,2.333333333,3.583333333,0,0,0,43.43825189,0,0.0471000001,0,,,,,,,,,,,,
2026-04-08T20:18:54,V1,Vanish only,640,2,0.0001,20,4,12,0,1,0.0471,0.0156862745,0.5,15,1.5,3,0,0,0,20,1,0,0.168324941,3,0,,,,0.172767465,0,25.41666667,2.333333333,3.666666667,0,0,0,43.46010821,0,0.0471000001,0,,,,,,,,,,,,
2026-04-08T22:50:54,V2,Vanish only,640,2,0.0001,20,4,12,0,1,0.0392,0.0156862745,0.5,15,1.5,3,0,0,0,1,1,0,0.387880374,0,0,,,,0.387880374,0,13.66666667,3.25,2,0,0,0,45.54866724,0,0.0392000005,0,,,,,,,,,,,,
2026-04-08T22:50:54,V2,Vanish only,640,2,0.0001,20,4,12,0,1,0.0392,0.0156862745,0.5,15,1.5,3,0,0,0,2,1,0,0.36038065,0,0,,,,0.36038065,0,14.75,3.666666667,2.916666667,0,0,0,45.32764858,0,0.0392000005,0,,,,,,,,,,,,
2026-04-08T22:50:54,V2,Vanish only,640,2,0.0001,20,4,12,0,1,0.0392,0.0156862745,0.5,15,1.5,3,0,0,0,3,1,0,0.352712676,0,0,,,,0.352712676,0,14.83333333,4.25,3.916666667,0,0,0,45.22420939,0,0.0392000005,0,,,,,,,,,,,,
2026-04-08T22:50:54,V2,Vanish only,640,2,0.0001,20,4,12,0,1,0.0392,0.0156862745,0.5,15,1.5,3,0,0,0,4,1,0,0.345096618,0,0,,,,0.345096618,0,16.16666667,3.833333333,3.25,0,0,0,45.18243096,0,0.0392000005,0,,,,,,,,,,,,
2026-04-08T22:50:54,V2,Vanish only,640,2,0.0001,20,4,12,0,1,0.0392,0.0156862745,0.5,15,1.5,3,0,0,0,5,1,0,0.335201646,0,0,,,,0.335201646,0,16.08333333,3.75,4,0,0,0,45.13311107,0,0.0392000005,0,,,,,,,,,,,,
2026-04-08T22:50:54,V2,Vanish only,640,2,0.0001,20,4,12,0,1,0.0392,0.0156862745,0.5,15,1.5,3,0,0,0,6,1,0,0.326246001,0,0,,,,0.326246001,0,16.5,3.916666667,3.333333333,0,0,0,45.13468909,0,0.0392000005,0,,,,,,,,,,,,
2026-04-08T22:50:54,V2,Vanish only,640,2,0.0001,20,4,12,0,1,0.0392,0.0156862745,0.5,15,1.5,3,0,0,0,7,1,0,0.317188654,0,0,,,,0.317188654,0,17.41666667,3.75,3.916666667,0,0,0,45.09168564,0,0.0392000005,0,,,,,,,,,,,,
2026-04-08T22:50:54,V2,Vanish only,640,2,0.0001,20,4,12,0,1,0.0392,0.0156862745,0.5,15,1.5,3,0,0,0,8,1,0,0.297139511,0,0,,,,0.297139511,0,17.66666667,3.5,4.083333333,0,0,0,45.02549415,0,0.0392000005,0,,,,,,,,,,,,
2026-04-08T22:50:54,V2,Vanish only,640,2,0.0001,20,4,12,0,1,0.0392,0.0156862745,0.5,15,1.5,3,0,0,0,9,1,0,0.29600422,0,0,,,,0.29600422,0,17.83333333,3,3.833333333,0,0,0,45.04177846,0,0.0392000005,0,,,,,,,,,,,,
2026-04-08T22:50:54,V2,Vanish only,640,2,0.0001,20,4,12,0,1,0.0392,0.0156862745,0.5,15,1.5,3,0,0,0,10,1,0,0.29600422,1,0,,,,0.297340972,0,18.58333333,3.75,3.833333333,0,0,0,44.956746,0,0.0392000005,0,,,,,,,,,,,,
2026-04-08T22:50:54,V2,Vanish only,640,2,0.0001,20,4,12,0,1,0.0392,0.0156862745,0.5,15,1.5,3,0,0,0,11,1,0,0.270199948,0,0,,,,0.270199948,0,18.83333333,2.916666667,4,0,0,0,44.98135947,0,0.0392000005,0,,,,,,,,,,,,
2026-04-08T22:50:54,V2,Vanish only,640,2,0.0001,20,4,12,0,1,0.0392,0.0156862745,0.5,15,1.5,3,0,0,0,12,1,0,0.262963868,0,0,,,,0.262963868,0,18.66666667,3.083333333,3.916666667,0,0,0,44.99971229,0,0.0392000005,0,,,,,,,,,,,,
2026-04-08T22:50:54,V2,Vanish only,640,2,0.0001,20,4,12,0,1,0.0392,0.0156862745,0.5,15,1.5,3,0,0,0,13,1,0,0.262963868,1,0,,,,0.266039868,0,19.5,3,3.916666667,0,0,0,45.00331376,0,0.0392000005,0,,,,,,,,,,,,
2026-04-08T22:50:54,V2,Vanish only,640,2,0.0001,20,4,12,0,1,0.0392,0.0156862745,0.5,15,1.5,3,0,0,0,14,1,0,0.262963868,2,0,,,,0.265426443,0,18.91666667,2.916666667,4.166666667,0,0,0,44.93598998,0,0.0392000005,0,,,,,,,,,,,,
2026-04-08T22:50:54,V2,Vanish only,640,2,0.0001,20,4,12,0,1,0.0392,0.0156862745,0.5,15,1.5,3,0,0,0,15,1,0,0.256357061,0,0,,,,0.256357061,0,20.08333333,3.333333333,4.416666667,0,0,0,44.97599155,0,0.0392000005,0,,,,,,,,,,,,
2026-04-08T22:50:54,V2,Vanish only,640,2,0.0001,20,4,12,0,1,0.0392,0.0156862745,0.5,15,1.5,3,0,0,0,16,1,0,0.244129916,0,0,,,,0.244129916,0,20.16666667,3.25,4.75,0,0,0,44.91136924,0,0.0392000005,0,,,,,,,,,,,,
2026-04-08T22:50:54,V2,Vanish only,640,2,0.0001,20,4,12,0,1,0.0392,0.0156862745,0.5,15,1.5,3,0,0,0,17,1,0,0.244129916,1,0,,,,0.24857442,0,20.16666667,3.666666667,4.75,0,0,0,44.9262388,0,0.0392000005,0,,,,,,,,,,,,
2026-04-08T22:50:54,V2,Vanish only,640,2,0.0001,20,4,12,0,1,0.0392,0.0156862745,0.5,15,1.5,3,0,0,0,18,1,0,0.244129916,2,0,,,,0.252380019,0,19.58333333,3.75,4.916666667,0,0,0,44.91631247,0,0.0392000005,0,,,,,,,,,,,,
2026-04-08T22:50:54,V2,Vanish only,640,2,0.0001,20,4,12,0,1,0.0392,0.0156862745,0.5,15,1.5,3,0,0,0,19,1,0,0.236757084,0,0,,,,0.236757084,0,21.33333333,3.416666667,4.25,0,0,0,44.92054069,0,0.0392000005,0,,,,,,,,,,,,
2026-04-08T22:50:54,V2,Vanish only,640,2,0.0001,20,4,12,0,1,0.0392,0.0156862745,0.5,15,1.5,3,0,0,0,20,1,0,0.236757084,1,0,,,,0.261657213,0,20.08333333,3.75,3.833333333,0,0,0,44.95104413,0,0.0392000005,0,,,,,,,,,,,,
2026-04-09T01:00:51,V3,Vanish only,640,2,0.0001,20,4,12,0,1,0.0471,0.0156862745,0.5,15,1.5,3,3,0,0,1,1,0,0.342926045,0,0,,,,0.342926045,0,16.16666667,4.166666667,3,0,0,0,44.12677282,0,0.0471000001,0,,,,,,,,,,,,
2026-04-09T19:54:54,V3,Vanish only,640,2,0.0001,20,4,12,0,1,0.0471,0.0156862745,0.5,15,1.5,3,3,0,0,1,1,0,0.3141312,0,0,,,,0.3141312,0,14.91666667,3.75,2.916666667,0,0,0,43.9190884,0,0.0471000001,0,,,,,,,,,,,,
2026-04-09T19:54:54,V3,Vanish only,640,2,0.0001,20,4,12,0,1,0.0471,0.0156862745,0.5,15,1.5,3,3,0,0,2,1,0,0.296659261,0,0,,,,0.296659261,0,17.66666667,3.583333333,3.666666667,0,0,0,43.83646042,0,0.0471000001,0,,,,,,,,,,,,
2026-04-09T19:54:54,V3,Vanish only,640,2,0.0001,20,4,12,0,1,0.0471,0.0156862745,0.5,15,1.5,3,3,0,0,3,1,0,0.291114752,0,0,,,,0.291114752,0,17.25,3.5,4.166666667,0,0,0,43.69281954,0,0.0471000001,0,,,,,,,,,,,,
2026-04-09T19:54:54,V3,Vanish only,640,2,0.0001,20,4,12,0,1,0.0471,0.0156862745,0.5,15,1.5,3,3,0,0,4,1,0,0.274493357,0,0,,,,0.274493357,0,18.33333333,3.166666667,3.916666667,0,0,0,43.5182666,0,0.0471000001,0,,,,,,,,,,,,
2026-04-09T19:54:54,V3,Vanish only,640,2,0.0001,20,4,12,0,1,0.0471,0.0156862745,0.5,15,1.5,3,3,0,0,5,1,0,0.247646115,0,0,,,,0.247646115,0,19.33333333,2.75,4.25,0,0,0,43.53589806,0,0.0471000001,0,,,,,,,,,,,,
2026-04-09T19:54:54,V3,Vanish only,640,2,0.0001,20,4,12,0,1,0.0471,0.0156862745,0.5,15,1.5,3,3,0,0,6,1,0,0.236202085,0,0,,,,0.236202085,0,19.66666667,2.666666667,3.25,0,0,0,43.55950915,0,0.0471000001,0,,,,,,,,,,,,
2026-04-09T19:54:54,V3,Vanish only,640,2,0.0001,20,4,12,0,1,0.0471,0.0156862745,0.5,15,1.5,3,3,0,0,7,1,0,0.219974731,0,0,,,,0.219974731,0,20.66666667,2.25,3.666666667,0,0,0,43.56644115,0,0.0471000001,0,,,,,,,,,,,,
2026-04-09T19:54:54,V3,Vanish only,640,2,0.0001,20,4,12,0,1,0.0471,0.0156862745,0.5,15,1.5,3,3,0,0,8,1,0,0.206080643,0,0,,,,0.206080643,0,21.41666667,2.333333333,3.75,0,0,0,43.46762583,0,0.0471000001,0,,,,,,,,,,,,
2026-04-09T19:54:54,V3,Vanish only,640,2,0.0001,20,4,12,0,1,0.0471,0.0156862745,0.5,15,1.5,3,3,0,0,9,1,0,0.201899385,0,0,,,,0.201899385,0,22.25,2.833333333,2.75,0,0,0,43.54412971,0,0.0471000001,0,,,,,,,,,,,,
2026-04-09T19:54:54,V3,Vanish only,640,2,0.0001,20,4,12,0,1,0.0471,0.0156862745,0.5,15,1.5,3,3,0,0,10,1,0,0.19341393,0,0,,,,0.19341393,0,22.83333333,2.25,3.333333333,0,0,0,43.52316128,0,0.0471000001,0,,,,,,,,,,,,
2026-04-09T19:54:54,V3,Vanish only,640,2,0.0001,20,4,12,0,1,0.0471,0.0156862745,0.5,15,1.5,3,3,0,0,11,1,0,0.19341393,1,0,,,,0.200452452,0,22.33333333,2.583333333,3.916666667,0,0,0,43.42370978,0,0.0471000001,0,,,,,,,,,,,,
2026-04-09T19:54:54,V3,Vanish only,640,2,0.0001,20,4,12,0,1,0.0471,0.0156862745,0.5,15,1.5,3,3,0,0,12,1,0,0.182371895,0,0,,,,0.182371895,0,23.66666667,2.333333333,3.5,0,0,0,43.49464986,0,0.0471000001,0,,,,,,,,,,,,
2026-04-09T19:54:54,V3,Vanish only,640,2,0.0001,20,4,12,0,1,0.0471,0.0156862745,0.5,15,1.5,3,3,0,0,13,1,0,0.182371895,1,0,,,,0.182808278,0,23.58333333,2,3.333333333,0,0,0,43.49338252,0,0.0471000001,0,,,,,,,,,,,,
2026-04-09T19:54:54,V3,Vanish only,640,2,0.0001,20,4,12,0,1,0.0471,0.0156862745,0.5,15,1.5,3,3,0,0,14,1,0,0.177227879,0,0,,,,0.177227879,0,23.83333333,1.666666667,2.916666667,0,0,0,43.45636682,0,0.0471000001,0,,,,,,,,,,,,
2026-04-09T19:54:54,V3,Vanish only,640,2,0.0001,20,4,12,0,1,0.0471,0.0156862745,0.5,15,1.5,3,3,0,0,15,1,0,0.167051385,0,0,,,,0.167051385,0,24.25,2,2.833333333,0,0,0,43.43907867,0,0.0471000001,0,,,,,,,,,,,,
2026-04-09T19:54:54,V3,Vanish only,640,2,0.0001,20,4,12,0,1,0.0471,0.0156862745,0.5,15,1.5,3,3,0,0,16,1,0,0.167051385,1,0,,,,0.175236535,0,23.75,2.25,3,0,0,0,43.48080545,0,0.0471000001,0,,,,,,,,,,,,
2026-04-09T19:54:54,V3,Vanish only,640,2,0.0001,20,4,12,0,1,0.0471,0.0156862745,0.5,15,1.5,3,3,0,0,17,1,0,0.161882807,0,0,,,,0.161882807,0,24.16666667,1.833333333,3.083333333,0,0,0,43.48059332,0,0.0471000001,0,,,,,,,,,,,,
2026-04-09T19:54:54,V3,Vanish only,640,2,0.0001,20,4,12,0,1,0.0471,0.0156862745,0.5,15,1.5,3,3,0,0,18,1,0,0.160319186,0,0,,,,0.160319186,0,25,2.25,3,0,0,0,43.47045866,0,0.0471000001,0,,,,,,,,,,,,
2026-04-09T19:54:54,V3,Vanish only,640,2,0.0001,20,4,12,0,1,0.0471,0.0156862745,0.5,15,1.5,3,3,0,0,19,1,0,0.160319186,1,0,,,,0.161827032,0,24.75,2.166666667,3.5,0,0,0,43.48020711,0,0.0471000001,0,,,,,,,,,,,,
2026-04-09T19:54:54,V3,Vanish only,640,2,0.0001,20,4,12,0,1,0.0471,0.0156862745,0.5,15,1.5,3,3,0,0,20,1,0,0.160319186,2,0,,,,0.16309311,0,24.83333333,1.5,2.833333333,0,0,0,43.47550024,0,0.0471000001,0,,,,,,,,,,,,
2026-04-09T21:44:41,V4,Vanish only,640,2,0.0001,20,4,12,0,1,0.0471,0.0156862745,0.5,15,1.5,3,5,1,0,1,1,0,0.334248194,0,0,,,,0.334248194,0,15.83333333,4.333333333,3.333333333,0,0,0,44.00102115,0,0.0471000001,0,,,,,,,,,,,,
2026-04-09T21:44:41,V4,Vanish only,640,2,0.0001,20,4,12,0,1,0.0471,0.0156862745,0.5,15,1.5,3,5,1,0,2,1,0,0.31129225,0,0,,,,0.31129225,0,18.08333333,5.25,4.083333333,0,0,0,43.68214807,0,0.0471000001,0,,,,,,,,,,,,
2026-04-09T21:44:41,V4,Vanish only,640,2,0.0001,20,4,12,0,1,0.0471,0.0156862745,0.5,15,1.5,3,5,1,0,3,1,0,0.295514292,0,0,,,,0.295514292,0,18.41666667,3.75,3.25,0,0,0,43.73282188,0,0.0471000001,0,,,,,,,,,,,,
2026-04-09T21:44:41,V4,Vanish only,640,2,0.0001,20,4,12,0,1,0.0471,0.0156862745,0.5,15,1.5,3,5,1,0,4,1,0,0.276891357,0,0,,,,0.276891357,0,19.58333333,3.75,4.166666667,0,0,0,43.62593022,0,0.0471000001,0,,,,,,,,,,,,
2026-04-09T21:44:41,V4,Vanish only,640,2,0.0001,20,4,12,0,1,0.0471,0.0156862745,0.5,15,1.5,3,5,1,0,5,1,0,0.261118418,0,0,,,,0.261118418,0,19.83333333,2.666666667,4.25,0,0,0,43.67499368,0,0.0471000001,0,,,,,,,,,,,,
2026-04-09T21:44:41,V4,Vanish only,640,2,0.0001,20,4,12,0,1,0.0471,0.0156862745,0.5,15,1.5,3,5,1,0,6,1,0,0.244620722,0,0,,,,0.244620722,0,20.75,2.666666667,3.333333333,0,0,0,43.67218045,0,0.0471000001,0,,,,,,,,,,,,
2026-04-09T21:44:41,V4,Vanish only,640,2,0.0001,20,4,12,0,1,0.0471,0.0156862745,0.5,15,1.5,3,5,1,0,7,1,0,0.222505793,0,0,,,,0.222505793,0,21.83333333,2.916666667,3.75,0,0,0,43.51915845,0,0.0471000001,0,,,,,,,,,,,,
2026-04-09T21:44:41,V4,Vanish only,640,2,0.0001,20,4,12,0,1,0.0471,0.0156862745,0.5,15,1.5,3,5,1,0,8,1,0,0.21522217,0,0,,,,0.21522217,0,21.41666667,2.666666667,4.083333333,0,0,0,43.62362699,0,0.0471000001,0,,,,,,,,,,,,
2026-04-09T21:44:41,V4,Vanish only,640,2,0.0001,20,4,12,0,1,0.0471,0.0156862745,0.5,15,1.5,3,5,1,0,9,1,0,0.21522217,1,0,,,,0.215360831,0,22.08333333,2.833333333,3.5,0,0,0,43.57038637,0,0.0471000001,0,,,,,,,,,,,,
2026-04-09T21:44:41,V4,Vanish only,640,2,0.0001,20,4,12,0,1,0.0471,0.0156862745,0.5,15,1.5,3,5,1,0,10,1,0,0.203252103,0,0,,,,0.203252103,0,23.33333333,2.666666667,4.083333333,0,0,0,43.5435329,0,0.0471000001,0,,,,,,,,,,,,
2026-04-09T21:44:41,V4,Vanish only,640,2,0.0001,20,4,12,0,1,0.0471,0.0156862745,0.5,15,1.5,3,5,1,0,11,1,0,0.196983915,0,0,,,,0.196983915,0,23.75,2,2.75,0,0,0,43.53765936,0,0.0471000001,0,,,,,,,,,,,,
2026-04-09T21:44:41,V4,Vanish only,640,2,0.0001,20,4,12,0,1,0.0471,0.0156862745,0.5,15,1.5,3,5,1,0,12,1,0,0.196983915,1,0,,,,0.212429928,0,23.16666667,3.25,2.666666667,0,0,0,43.5218937,0,0.0471000001,0,,,,,,,,,,,,
2026-04-09T21:44:41,V4,Vanish only,640,2,0.0001,20,4,12,0,1,0.0471,0.0156862745,0.5,15,1.5,3,5,1,0,13,1,0,0.183780987,0,0,,,,0.183780987,0,24.83333333,2.333333333,3.083333333,0,0,0,43.52175672,0,0.0471000001,0,,,,,,,,,,,,
2026-04-09T21:44:41,V4,Vanish only,640,2,0.0001,20,4,12,0,1,0.0471,0.0156862745,0.5,15,1.5,3,5,1,0,14,1,0,0.183780987,1,0,,,,0.194552653,0,24.16666667,2.666666667,3.166666667,0,0,0,43.49392251,0,0.0471000001,0,,,,,,,,,,,,
2026-04-09T21:44:41,V4,Vanish only,640,2,0.0001,20,4,12,0,1,0.0471,0.0156862745,0.5,15,1.5,3,5,1,0,15,1,0,0.183780987,2,0,,,,0.185412118,0,24.08333333,2.083333333,2.666666667,0,0,0,43.49345253,0,0.0471000001,0,,,,,,,,,,,,
2026-04-09T21:44:41,V4,Vanish only,640,2,0.0001,20,4,12,0,1,0.0471,0.0156862745,0.5,15,1.5,3,5,1,0,16,1,0,0.183780987,3,0,,,,0.196197165,0,24.08333333,2.916666667,2.75,0,0,0,43.45316564,0,0.0471000001,0,,,,,,,,,,,,
2026-04-09T21:44:41,V4,Vanish only,640,2,0.0001,20,4,12,0,1,0.0471,0.0156862745,0.5,15,1.5,3,5,1,0,17,1,0,0.183780987,4,1,,,,0.186898851,0,24.25,3.083333333,3.25,0,0,0,43.53155979,0,0.0471000001,0,,,,,,,,,,,,
2026-04-09T23:35:15,V5,Vanish only,640,2,0.0001,20,4,12,0,1,0.0471,0.0156862745,0.5,15,1.5,3,5,1,0.5,1,1,0,0.337485289,0,0,,,,0.337485289,0,16,4,3.833333333,0,0,0,43.93335057,0,0.0471000001,0,,,,,,,,,,,,
2026-04-09T23:35:15,V5,Vanish only,640,2,0.0001,20,4,12,0,1,0.0471,0.0156862745,0.5,15,1.5,3,5,1,0.5,2,1,0,0.31637033,0,0,,,,0.31637033,0,17.83333333,4.333333333,3.333333333,0,0,0,43.86863724,0,0.0471000001,0,,,,,,,,,,,,
2026-04-09T23:35:15,V5,Vanish only,640,2,0.0001,20,4,12,0,1,0.0471,0.0156862745,0.5,15,1.5,3,5,1,0.5,3,1,0,0.300366794,0,0,,,,0.300366794,0,18.5,4.166666667,3.083333333,0,0,0,43.73851516,0,0.0471000001,0,,,,,,,,,,,,
2026-04-09T23:35:15,V5,Vanish only,640,2,0.0001,20,4,12,0,1,0.0471,0.0156862745,0.5,15,1.5,3,5,1,0.5,4,1,0,0.282627515,0,0,,,,0.282627515,0,19.83333333,2.75,3.916666667,0,0,0,43.62626049,0,0.0471000001,0,,,,,,,,,,,,
2026-04-09T23:35:15,V5,Vanish only,640,2,0.0001,20,4,12,0,1,0.0471,0.0156862745,0.5,15,1.5,3,5,1,0.5,5,1,0,0.266412217,0,0,,,,0.266412217,0,20.5,3.25,3.583333333,0,0,0,43.62009749,0,0.0471000001,0,,,,,,,,,,,,
2026-04-09T23:35:15,V5,Vanish only,640,2,0.0001,20,4,12,0,1,0.0471,0.0156862745,0.5,15,1.5,3,5,1,0.5,6,1,0,0.254274717,0,0,,,,0.254274717,0,21.41666667,3.166666667,4.25,0,0,0,43.4538373,0,0.0471000001,0,,,,,,,,,,,,
2026-04-09T23:35:15,V5,Vanish only,640,2,0.0001,20,4,12,0,1,0.0471,0.0156862745,0.5,15,1.5,3,5,1,0.5,7,1,0,0.247949834,0,0,,,,0.247949834,0,21.91666667,3,3.666666667,0,0,0,43.56180948,0,0.0471000001,0,,,,,,,,,,,,
2026-04-09T23:35:15,V5,Vanish only,640,2,0.0001,20,4,12,0,1,0.0471,0.0156862745,0.5,15,1.5,3,5,1,0.5,8,1,0,0.211018932,0,0,,,,0.211018932,0,22.25,3,4.75,0,0,0,43.51285199,0,0.0471000001,0,,,,,,,,,,,,
2026-04-09T23:35:15,V5,Vanish only,640,2,0.0001,20,4,12,0,1,0.0471,0.0156862745,0.5,15,1.5,3,5,1,0.5,9,1,0,0.211018932,1,0,,,,0.218648069,0,23.08333333,3.333333333,3.583333333,0,0,0,43.52997785,0,0.0471000001,0,,,,,,,,,,,,
2026-04-09T23:35:15,V5,Vanish only,640,2,0.0001,20,4,12,0,1,0.0471,0.0156862745,0.5,15,1.5,3,5,1,0.5,10,1,0,0.205013465,0,0,,,,0.205013465,0,22.75,2.666666667,3.916666667,0,0,0,43.5120721,0,0.0471000001,0,,,,,,,,,,,,
2026-04-09T23:35:15,V5,Vanish only,640,2,0.0001,20,4,12,0,1,0.0471,0.0156862745,0.5,15,1.5,3,5,1,0.5,11,1,0,0.204317851,0,0,,,,0.204317851,0,23.5,3.166666667,3.75,0,0,0,43.46022177,0,0.0471000001,0,,,,,,,,,,,,
2026-04-09T23:35:15,V5,Vanish only,640,2,0.0001,20,4,12,0,1,0.0471,0.0156862745,0.5,15,1.5,3,5,1,0.5,12,1,0,0.202579787,0,0,,,,0.202579787,0,23.75,3,3.583333333,0,0,0,43.54866279,0,0.0471000001,0,,,,,,,,,,,,
2026-04-09T23:35:15,V5,Vanish only,640,2,0.0001,20,4,12,0,1,0.0471,0.0156862745,0.5,15,1.5,3,5,1,0.5,13,1,0,0.189111344,0,0,,,,0.189111344,0,24.91666667,3.25,3.25,0,0,0,43.4607625,0,0.0471000001,0,,,,,,,,,,,,
2026-04-09T23:35:15,V5,Vanish only,640,2,0.0001,20,4,12,0,1,0.0471,0.0156862745,0.5,15,1.5,3,5,1,0.5,14,1,0,0.189111344,1,0,,,,0.194808914,0,24,3.166666667,3.166666667,0,0,0,43.45732168,0,0.0471000001,0,,,,,,,,,,,,
2026-04-09T23:35:15,V5,Vanish only,640,2,0.0001,20,4,12,0,1,0.0471,0.0156862745,0.5,15,1.5,3,5,1,0.5,15,1,0,0.189111344,2,0,,,,0.215324003,0,22.75,3.75,3.583333333,0,0,0,43.4470132,0,0.0471000001,0,,,,,,,,,,,,
2026-04-09T23:35:15,V5,Vanish only,640,2,0.0001,20,4,12,0,1,0.0471,0.0156862745,0.5,15,1.5,3,5,1,0.5,16,1,0,0.181851464,0,0,,,,0.181851464,0,24.33333333,2.583333333,2.666666667,0,0,0,43.45131598,0,0.0471000001,0,,,,,,,,,,,,
2026-04-09T23:35:15,V5,Vanish only,640,2,0.0001,20,4,12,0,1,0.0471,0.0156862745,0.5,15,1.5,3,5,1,0.5,17,1,0,0.181851464,1,0,,,,0.18617184,0,24.25,2.666666667,3.333333333,0,0,0,43.52813571,0,0.0471000001,0,,,,,,,,,,,,
2026-04-09T23:35:15,V5,Vanish only,640,2,0.0001,20,4,12,0,1,0.0471,0.0156862745,0.5,15,1.5,3,5,1,0.5,18,1,0,0.177653435,0,0,,,,0.177653435,0,24.91666667,3.166666667,3.5,0,0,0,43.46880068,0,0.0471000001,0,,,,,,,,,,,,
2026-04-09T23:35:15,V5,Vanish only,640,2,0.0001,20,4,12,0,1,0.0471,0.0156862745,0.5,15,1.5,3,5,1,0.5,19,1,0,0.167989412,0,0,,,,0.167989412,0,25.41666667,2.166666667,3.25,0,0,0,43.48113109,0,0.0471000001,0,,,,,,,,,,,,
2026-04-09T23:35:15,V5,Vanish only,640,2,0.0001,20,4,12,0,1,0.0471,0.0156862745,0.5,15,1.5,3,5,1,0.5,20,1,0,0.167989412,1,0,,,,0.174378911,0,25.08333333,2.083333333,3.166666667,0,0,0,43.48597697,0,0.0471000001,0,,,,,,,,,,,,
2026-04-10T19:55:01,V6,Vanish only,640,4,0.0001,20,4,16,0,1,,,0.0392,0.0156862745,0.5,15,1.5,3,5,1,1,1,1,0,0.292776035,0,0,,,,0.292776035,0,12.5625,2.625,1.9375,0,0,0,43.03567961,0,0,0,,,,,,,,,,
2026-04-10T19:55:01,V6,Vanish only,640,4,0.0001,20,4,16,0,1,,,0.0392,0.0156862745,0.5,15,1.5,3,5,1,1,2,1,0,0.271333815,0,0,,,,0.271333815,0,12.75,2.875,2.875,0,0,0,42.69578667,0,0,0,,,,,,,,,,
2026-04-10T19:55:01,V6,Vanish only,640,4,0.0001,20,4,16,0,1,,,0.0392,0.0156862745,0.5,15,1.5,3,5,1,1,3,1,0,0.260022032,0,0,,,,0.260022032,0,14.1875,3.375,2.9375,0,0,0,42.52894892,0,0,0,,,,,,,,,,
2026-04-10T19:55:01,V6,Vanish only,640,4,0.0001,20,4,16,0,1,,,0.0392,0.0156862745,0.5,15,1.5,3,5,1,1,4,1,0,0.243010942,0,0,,,,0.243010942,0,14.625,4.0625,3.1875,0,0,0,42.47267969,0,0,0,,,,,,,,,,
2026-04-10T19:55:01,V6,Vanish only,640,4,0.0001,20,4,16,0,1,,,0.0392,0.0156862745,0.5,15,1.5,3,5,1,1,5,1,0,0.234455551,0,0,,,,0.234455551,0,16.6875,3.6875,2.625,0,0,0,42.4626148,0,0,0,,,,,,,,,,
2026-04-10T19:55:01,V6,Vanish only,640,4,0.0001,20,4,16,0,1,,,0.0392,0.0156862745,0.5,15,1.5,3,5,1,1,6,1,0,0.224454748,0,0,,,,0.224454748,0,17.125,3.25,3.3125,0,0,0,42.34005042,0,0,0,,,,,,,,,,
2026-04-10T19:55:01,V6,Vanish only,640,4,0.0001,20,4,16,0,1,,,0.0392,0.0156862745,0.5,15,1.5,3,5,1,1,7,1,0,0.218762533,0,0,,,,0.218762533,0,18,4.1875,3.6875,0,0,0,42.34550583,0,0,0,,,,,,,,,,
2026-04-10T19:55:01,V6,Vanish only,640,4,0.0001,20,4,16,0,1,,,0.0392,0.0156862745,0.5,15,1.5,3,5,1,1,8,1,0,0.213959837,0,0,,,,0.213959837,0,18.8125,3.125,3.1875,0,0,0,42.33343715,0,0,0,,,,,,,,,,
2026-04-10T19:55:01,V6,Vanish only,640,4,0.0001,20,4,16,0,1,,,0.0392,0.0156862745,0.5,15,1.5,3,5,1,1,9,1,0,0.205143961,0,0,,,,0.205143961,0,19.1875,2.75,3.4375,0,0,0,42.33357236,0,0,0,,,,,,,,,,
2026-04-10T19:55:01,V6,Vanish only,640,4,0.0001,20,4,16,0,1,,,0.0392,0.0156862745,0.5,15,1.5,3,5,1,1,10,1,0,0.193245214,0,0,,,,0.193245214,0,20.0625,3.0625,4.25,0,0,0,42.29084664,0,0,0,,,,,,,,,,
2026-04-10T19:55:01,V6,Vanish only,640,4,0.0001,20,4,16,0,1,,,0.0392,0.0156862745,0.5,15,1.5,3,5,1,1,11,1,0,0.193183909,0,0,,,,0.193183909,0,20.4375,2.875,3.5,0,0,0,42.33605913,0,0,0,,,,,,,,,,
2026-04-10T19:55:01,V6,Vanish only,640,4,0.0001,20,4,16,0,1,,,0.0392,0.0156862745,0.5,15,1.5,3,5,1,1,12,1,0,0.18858572,0,0,,,,0.18858572,0,20.3125,2.8125,3.5625,0,0,0,42.25755911,0,0,0,,,,,,,,,,
2026-04-10T19:55:01,V6,Vanish only,640,4,0.0001,20,4,16,0,1,,,0.0392,0.0156862745,0.5,15,1.5,3,5,1,1,13,1,0,0.183713341,0,0,,,,0.183713341,0,20.6875,2.8125,4.125,0,0,0,42.2796417,0,0,0,,,,,,,,,,
2026-04-10T19:55:01,V6,Vanish only,640,4,0.0001,20,4,16,0,1,,,0.0392,0.0156862745,0.5,15,1.5,3,5,1,1,14,1,0,0.174923657,0,0,,,,0.174923657,0,21.5,2.8125,4,0,0,0,42.1788709,0,0,0,,,,,,,,,,
2026-04-10T19:55:01,V6,Vanish only,640,4,0.0001,20,4,16,0,1,,,0.0392,0.0156862745,0.5,15,1.5,3,5,1,1,15,1,0,0.174503835,0,0,,,,0.174503835,0,21.3125,2.8125,3.75,0,0,0,42.24765736,0,0,0,,,,,,,,,,
2026-04-10T19:55:01,V6,Vanish only,640,4,0.0001,20,4,16,0,1,,,0.0392,0.0156862745,0.5,15,1.5,3,5,1,1,16,1,0,0.17391132,0,0,,,,0.17391132,0,22.25,1.9375,3.3125,0,0,0,42.23500999,0,0,0,,,,,,,,,,
2026-04-10T19:55:01,V6,Vanish only,640,4,0.0001,20,4,16,0,1,,,0.0392,0.0156862745,0.5,15,1.5,3,5,1,1,17,1,0,0.172650699,0,0,,,,0.172650699,0,21.5,2.4375,3.6875,0,0,0,42.26266517,0,0,0,,,,,,,,,,
2026-04-10T19:55:01,V6,Vanish only,640,4,0.0001,20,4,16,0,1,,,0.0392,0.0156862745,0.5,15,1.5,3,5,1,1,18,1,0,0.172650699,1,0,,,,0.174977872,0,22.1875,2.0625,3.3125,0,0,0,42.22570223,0,0,0,,,,,,,,,,
2026-04-10T19:55:01,V6,Vanish only,640,4,0.0001,20,4,16,0,1,,,0.0392,0.0156862745,0.5,15,1.5,3,5,1,1,19,1,0,0.172177961,0,0,,,,0.172177961,0,21.8125,2.5,3.3125,0,0,0,42.24915727,0,0,0,,,,,,,,,,
2026-04-10T19:55:01,V6,Vanish only,640,4,0.0001,20,4,16,0,1,,,0.0392,0.0156862745,0.5,15,1.5,3,5,1,1,20,1,0,0.170078026,0,0,,,,0.170078026,0,22.1875,2.4375,3.4375,0,0,0,42.17404901,0,0,0,,,,,,,,,,
2026-04-12T23:00:16,F0 ,Fabricate only,640,4,0.0001,20,4,16,0,1,0.062745098,0.0156862745,0.5,15,1.5,3,0,0,0,1,0,1,,,,16.58335054,0,0,0,16.58335054,0,0,0,5.625,4.1875,0.6875,0,36.90300042,0,0.0156862754,,,,,,,,,,,,
2026-04-12T23:00:16,F0 ,Fabricate only,640,4,0.0001,20,4,16,0,1,0.062745098,0.0156862745,0.5,15,1.5,3,0,0,0,2,0,1,,,,11.85470957,0,0,0,11.85470957,0,0,0,7.875,145.125,2,0,38.12878449,0,0.0156862754,,,,,,,,,,,,
2026-04-12T23:00:16,F0 ,Fabricate only,640,4,0.0001,20,4,16,0,1,0.062745098,0.0156862745,0.5,15,1.5,3,0,0,0,3,0,1,,,,10.58012265,0,0,0,10.58012265,0,0,0,8.6875,185.8125,1.9375,0,37.80819062,0,0.0156862754,,,,,,,,,,,,
2026-04-12T23:00:16,F0 ,Fabricate only,640,4,0.0001,20,4,16,0,1,0.062745098,0.0156862745,0.5,15,1.5,3,0,0,0,4,0,1,,,,9.874500573,0,0,0,9.874500573,0,0,0,10.8125,217.6875,2.125,0,37.08929755,0,0.0156862754,,,,,,,,,,,,
2026-04-12T23:00:16,F0 ,Fabricate only,640,4,0.0001,20,4,16,0,1,0.062745098,0.0156862745,0.5,15,1.5,3,0,0,0,5,0,1,,,,9.874500573,1,0,0,9.927497387,0,0,0,11.5,225.1875,2.125,0,37.09991675,0,0.0156862754,,,,,,,,,,,,
2026-04-12T23:00:16,F0 ,Fabricate only,640,4,0.0001,20,4,16,0,1,0.062745098,0.0156862745,0.5,15,1.5,3,0,0,0,6,0,1,,,,9.426843047,0,0,0,9.426843047,0,0,0,11.625,225.6875,2.25,0,37.12382308,0,0.0156862754,,,,,,,,,,,,
2026-04-12T23:00:16,F0 ,Fabricate only,640,4,0.0001,20,4,16,0,1,0.062745098,0.0156862745,0.5,15,1.5,3,0,0,0,7,0,1,,,,9.181996584,0,0,0,9.181996584,0,0,0,12.0625,228,2,0,37.03781823,0,0.0156862754,,,,,,,,,,,,
2026-04-12T23:00:16,F0 ,Fabricate only,640,4,0.0001,20,4,16,0,1,0.062745098,0.0156862745,0.5,15,1.5,3,0,0,0,8,0,1,,,,8.988419741,0,0,0,8.988419741,0,0,0,13.25,231.125,2,0,37.05578272,0,0.0156862754,,,,,,,,,,,,
2026-04-12T23:00:16,F0 ,Fabricate only,640,4,0.0001,20,4,16,0,1,0.062745098,0.0156862745,0.5,15,1.5,3,0,0,0,9,0,1,,,,8.945054024,0,0,0,8.945054024,0,0,0,13.875,234.5625,1.9375,0,37.04941602,0,0.0156862754,,,,,,,,,,,,
2026-04-12T23:00:16,F0 ,Fabricate only,640,4,0.0001,20,4,16,0,1,0.062745098,0.0156862745,0.5,15,1.5,3,0,0,0,10,0,1,,,,8.945054024,1,0,0,9.005494237,0,0,0,12.5625,231.5,2.25,0,37.03886655,0,0.0156862754,,,,,,,,,,,,
2026-04-12T23:00:16,F0 ,Fabricate only,640,4,0.0001,20,4,16,0,1,0.062745098,0.0156862745,0.5,15,1.5,3,0,0,0,11,0,1,,,,8.75630936,0,0,0,8.75630936,0,0,0,13.6875,234.625,2.125,0,37.00111618,0,0.0156862754,,,,,,,,,,,,
2026-04-12T23:00:16,F0 ,Fabricate only,640,4,0.0001,20,4,16,0,1,0.062745098,0.0156862745,0.5,15,1.5,3,0,0,0,12,0,1,,,,8.739561945,0,0,0,8.739561945,0,0,0,13.8125,237.875,2.5,0,37.01636461,0,0.0156862754,,,,,,,,,,,,
2026-04-12T23:00:16,F0 ,Fabricate only,640,4,0.0001,20,4,16,0,1,0.062745098,0.0156862745,0.5,15,1.5,3,0,0,0,13,0,1,,,,8.739561945,1,0,0,8.846598119,0,0,0,13.5,236.8125,2.5625,0,37.33474513,0,0.0156862754,,,,,,,,,,,,
2026-04-12T23:00:16,F0 ,Fabricate only,640,4,0.0001,20,4,16,0,1,0.062745098,0.0156862745,0.5,15,1.5,3,0,0,0,14,0,1,,,,8.571488291,0,0,0,8.571488291,0,0,0,14.3125,241.5,2.375,0,37.03052258,0,0.0156862754,,,,,,,,,,,,
2026-04-12T23:00:16,F0 ,Fabricate only,640,4,0.0001,20,4,16,0,1,0.062745098,0.0156862745,0.5,15,1.5,3,0,0,0,15,0,1,,,,8.567324877,0,0,0,8.567324877,0,0,0,15.0625,241.0625,2.5625,0,37.01801191,0,0.0156862754,,,,,,,,,,,,
2026-04-12T23:00:16,F0 ,Fabricate only,640,4,0.0001,20,4,16,0,1,0.062745098,0.0156862745,0.5,15,1.5,3,0,0,0,16,0,1,,,,8.52387771,0,0,0,8.52387771,0,0,0,15.1875,241.75,2.375,0,37.0958191,0,0.0156862754,,,,,,,,,,,,
2026-04-12T23:00:16,F0 ,Fabricate only,640,4,0.0001,20,4,16,0,1,0.062745098,0.0156862745,0.5,15,1.5,3,0,0,0,17,0,1,,,,8.52387771,1,0,0,8.606621295,0,0,0,15.375,241.25,2.4375,0,36.99554219,0,0.0156862754,,,,,,,,,,,,
2026-04-12T23:00:16,F0 ,Fabricate only,640,4,0.0001,20,4,16,0,1,0.062745098,0.0156862745,0.5,15,1.5,3,0,0,0,18,0,1,,,,8.52387771,2,0,0,9.041243166,0,0,0,14.6875,242.3125,2.3125,0,37.67599791,0,0.0156862754,,,,,,,,,,,,
2026-04-12T23:00:16,F0 ,Fabricate only,640,4,0.0001,20,4,16,0,1,0.062745098,0.0156862745,0.5,15,1.5,3,0,0,0,19,0,1,,,,8.353010356,0,0,0,8.353010356,0,0,0,15,243.4375,2.625,0,37.01781773,0,0.0156862754,,,,,,,,,,,,
2026-04-12T23:00:16,F0 ,Fabricate only,640,4,0.0001,20,4,16,0,1,0.062745098,0.0156862745,0.5,15,1.5,3,0,0,0,20,0,1,,,,8.353010356,1,0,0,8.458766639,0,0,0,14.6875,240.125,2.625,0,37.01273009,0,0.0156862754,,,,,,,,,,,,
2026-04-14T13:35:13,F1 ,Fabricate only,640,4,0.0001,20,4,16,0,1,0.062745098,0.0117647059,0.5,15,1.5,3,0,0,0,1,0,1,,,,15.72911441,0,0,0,15.72911441,0,0,0,3.625,1.875,0.625,0,39.52109408,0,0.0117647061,,,,,,,,,,,,
2026-04-14T13:35:13,F1 ,Fabricate only,640,4,0.0001,20,4,16,0,1,0.062745098,0.0117647059,0.5,15,1.5,3,0,0,0,2,0,1,,,,12.88287586,0,0,0,12.88287586,0,0,0,5.5625,60,1.25,0,39.58029059,0,0.0117647061,,,,,,,,,,,,
2026-04-14T13:35:13,F1 ,Fabricate only,640,4,0.0001,20,4,16,0,1,0.062745098,0.0117647059,0.5,15,1.5,3,0,0,0,3,0,1,,,,12.04837644,0,0,0,12.04837644,0,0,0,6.375,101.6875,1.75,0,39.55921625,0,0.0117647061,,,,,,,,,,,,
2026-04-14T13:35:13,F1 ,Fabricate only,640,4,0.0001,20,4,16,0,1,0.062745098,0.0117647059,0.5,15,1.5,3,0,0,0,4,0,1,,,,11.47197211,0,0,0,11.47197211,0,0,0,7.125,126.125,1.75,0,39.84961375,0,0.0117647061,,,,,,,,,,,,
2026-04-14T13:35:13,F1 ,Fabricate only,640,4,0.0001,20,4,16,0,1,0.062745098,0.0117647059,0.5,15,1.5,3,0,0,0,5,0,1,,,,11.22386432,0,0,0,11.22386432,0,0,0,7.375,138.625,2.0625,0,39.49464445,0,0.0117647061,,,,,,,,,,,,
2026-04-14T13:35:13,F1 ,Fabricate only,640,4,0.0001,20,4,16,0,1,0.062745098,0.0117647059,0.5,15,1.5,3,0,0,0,6,0,1,,,,10.88468063,0,0,0,10.88468063,0,0,0,8,167.6875,2.1875,0,39.74180904,0,0.0117647061,,,,,,,,,,,,
2026-04-14T13:35:13,F1 ,Fabricate only,640,4,0.0001,20,4,16,0,1,0.062745098,0.0117647059,0.5,15,1.5,3,0,0,0,7,0,1,,,,10.63457841,0,0,0,10.63457841,0,0,0,7.625,165.5,2.25,0,39.46073343,0,0.0117647061,,,,,,,,,,,,
2026-04-14T13:35:13,F1 ,Fabricate only,640,4,0.0001,20,4,16,0,1,0.062745098,0.0117647059,0.5,15,1.5,3,0,0,0,8,0,1,,,,10.54345214,0,0,0,10.54345214,0,0,0,8.1875,177.8125,2.375,0,39.48771829,0,0.0117647061,,,,,,,,,,,,
2026-04-14T13:35:13,F1 ,Fabricate only,640,4,0.0001,20,4,16,0,1,0.062745098,0.0117647059,0.5,15,1.5,3,0,0,0,9,0,1,,,,10.49947613,0,0,0,10.49947613,0,0,0,8,190.1875,2.375,0,39.83973246,0,0.0117647061,,,,,,,,,,,,
2026-04-14T13:35:13,F1 ,Fabricate only,640,4,0.0001,20,4,16,0,1,0.062745098,0.0117647059,0.5,15,1.5,3,0,0,0,10,0,1,,,,10.37594348,0,0,0,10.37594348,0,0,0,8.125,190.375,2.125,0,39.46804808,0,0.0117647061,,,,,,,,,,,,
2026-04-14T13:35:13,F1 ,Fabricate only,640,4,0.0001,20,4,16,0,1,0.062745098,0.0117647059,0.5,15,1.5,3,0,0,0,11,0,1,,,,10.36178929,0,0,0,10.36178929,0,0,0,8.75,195.625,2.125,0,39.72966521,0,0.0117647061,,,,,,,,,,,,
2026-04-14T13:35:13,F1 ,Fabricate only,640,4,0.0001,20,4,16,0,1,0.062745098,0.0117647059,0.5,15,1.5,3,0,0,0,12,0,1,,,,10.17457402,0,0,0,10.17457402,0,0,0,8.5,197.4375,2.1875,0,39.47064291,0,0.0117647061,,,,,,,,,,,,
2026-04-14T13:35:13,F1 ,Fabricate only,640,4,0.0001,20,4,16,0,1,0.062745098,0.0117647059,0.5,15,1.5,3,0,0,0,13,0,1,,,,10.17457402,1,0,0,10.31863666,0,0,0,8.9375,182.8125,2.125,0,39.43527733,0,0.0117647061,,,,,,,,,,,,
2026-04-14T13:35:13,F1 ,Fabricate only,640,4,0.0001,20,4,16,0,1,0.062745098,0.0117647059,0.5,15,1.5,3,0,0,0,14,0,1,,,,10.09081048,0,0,0,10.09081048,0,0,0,9.5625,205.0625,2.1875,0,39.44970613,0,0.0117647061,,,,,,,,,,,,
2026-04-14T13:35:13,F1 ,Fabricate only,640,4,0.0001,20,4,16,0,1,0.062745098,0.0117647059,0.5,15,1.5,3,0,0,0,15,0,1,,,,10.08183897,0,0,0,10.08183897,0,0,0,9.5,203.75,2.0625,0,39.43431622,0,0.0117647061,,,,,,,,,,,,
2026-04-14T13:35:13,F1 ,Fabricate only,640,4,0.0001,20,4,16,0,1,0.062745098,0.0117647059,0.5,15,1.5,3,0,0,0,16,0,1,,,,10.08183897,1,0,0,10.11205637,0,0,0,9.375,205.0625,1.9375,0,39.452652,0,0.0117647061,,,,,,,,,,,,
2026-04-14T13:35:13,F1 ,Fabricate only,640,4,0.0001,20,4,16,0,1,0.062745098,0.0117647059,0.5,15,1.5,3,0,0,0,17,0,1,,,,10.08183897,2,0,0,10.09566844,0,0,0,10,204.75,1.75,0,39.41794635,0,0.0117647061,,,,,,,,,,,,
2026-04-14T13:35:13,F1 ,Fabricate only,640,4,0.0001,20,4,16,0,1,0.062745098,0.0117647059,0.5,15,1.5,3,0,0,0,18,0,1,,,,9.998783469,0,0,0,9.998783469,0,0,0,10.0625,209.5625,1.75,0,39.44270734,0,0.0117647061,,,,,,,,,,,,
2026-04-14T13:35:13,F1 ,Fabricate only,640,4,0.0001,20,4,16,0,1,0.062745098,0.0117647059,0.5,15,1.5,3,0,0,0,19,0,1,,,,9.89294523,0,0,0,9.89294523,0,0,0,9.6875,211.625,1.8125,0,39.454867,0,0.0117647061,,,,,,,,,,,,
2026-04-14T13:35:13,F1 ,Fabricate only,640,4,0.0001,20,4,16,0,1,0.062745098,0.0117647059,0.5,15,1.5,3,0,0,0,20,0,1,,,,9.89294523,1,0,0,10.01181901,0,0,0,10.5,207,1.9375,0,39.41916496,0,0.0117647061,,,,,,,,,,,,
2026-04-14T17:58:17,F1_1 ,Fabricate only,640,4,0.0001,20,4,16,0,1,0.062745098,0.0117647059,0.5,12,1.2,2.5,0,0,0,1,0,1,,,,16.16653723,0,0,0,16.16653723,0,0,0,3.875,3.3125,0.75,0,39.22210604,0,0.0117647061,,,,,,,,,,,,
2026-04-14T17:58:17,F1_1 ,Fabricate only,640,4,0.0001,20,4,16,0,1,0.062745098,0.0117647059,0.5,12,1.2,2.5,0,0,0,2,0,1,,,,11.99653202,0,0,0,11.99653202,0,0,0,6.8125,99.625,1.5,0,40.0507159,0,0.0117647061,,,,,,,,,,,,
2026-04-14T17:58:17,F1_1 ,Fabricate only,640,4,0.0001,20,4,16,0,1,0.062745098,0.0117647059,0.5,12,1.2,2.5,0,0,0,3,0,1,,,,11.35119301,0,0,0,11.35119301,0,0,0,6.5625,135.3125,2.3125,0,39.53255559,0,0.0117647061,,,,,,,,,,,,
2026-04-14T17:58:17,F1_1 ,Fabricate only,640,4,0.0001,20,4,16,0,1,0.062745098,0.0117647059,0.5,12,1.2,2.5,0,0,0,4,0,1,,,,10.84772241,0,0,0,10.84772241,0,0,0,6.875,142.875,2.4375,0,40.16377692,0,0.0117647061,,,,,,,,,,,,
2026-04-14T17:58:17,F1_1 ,Fabricate only,640,4,0.0001,20,4,16,0,1,0.062745098,0.0117647059,0.5,12,1.2,2.5,0,0,0,5,0,1,,,,10.51442105,0,0,0,10.51442105,0,0,0,7.125,166.875,2.5625,0,40.19167254,0,0.0117647061,,,,,,,,,,,,
2026-04-14T17:58:17,F1_1 ,Fabricate only,640,4,0.0001,20,4,16,0,1,0.062745098,0.0117647059,0.5,12,1.2,2.5,0,0,0,6,0,1,,,,10.32895869,0,0,0,10.32895869,0,0,0,8.6875,178.6875,2.375,0,40.03792196,0,0.0117647061,,,,,,,,,,,,
2026-04-14T17:58:17,F1_1 ,Fabricate only,640,4,0.0001,20,4,16,0,1,0.062745098,0.0117647059,0.5,12,1.2,2.5,0,0,0,7,0,1,,,,10.06260979,0,0,0,10.06260979,0,0,0,8.625,192.375,2.3125,0,40.07689077,0,0.0117647061,,,,,,,,,,,,
2026-04-14T17:58:17,F1_1 ,Fabricate only,640,4,0.0001,20,4,16,0,1,0.062745098,0.0117647059,0.5,12,1.2,2.5,0,0,0,8,0,1,,,,9.95186311,0,0,0,9.95186311,0,0,0,8.25,187.0625,2.5625,0,40.09196274,0,0.0117647061,,,,,,,,,,,,
2026-04-14T17:58:17,F1_1 ,Fabricate only,640,4,0.0001,20,4,16,0,1,0.062745098,0.0117647059,0.5,12,1.2,2.5,0,0,0,9,0,1,,,,9.857151091,0,0,0,9.857151091,0,0,0,8.25,198.8125,2.4375,0,40.02021565,0,0.0117647061,,,,,,,,,,,,
2026-04-14T17:58:17,F1_1 ,Fabricate only,640,4,0.0001,20,4,16,0,1,0.062745098,0.0117647059,0.5,12,1.2,2.5,0,0,0,10,0,1,,,,9.793256164,0,0,0,9.793256164,0,0,0,8.5625,201.4375,2.1875,0,39.91003827,0,0.0117647061,,,,,,,,,,,,
2026-04-14T17:58:17,F1_1 ,Fabricate only,640,4,0.0001,20,4,16,0,1,0.062745098,0.0117647059,0.5,12,1.2,2.5,0,0,0,11,0,1,,,,9.699024618,0,0,0,9.699024618,0,0,0,9.375,209.75,2.3125,0,39.51809035,0,0.0117647061,,,,,,,,,,,,
2026-04-14T17:58:17,F1_1 ,Fabricate only,640,4,0.0001,20,4,16,0,1,0.062745098,0.0117647059,0.5,12,1.2,2.5,0,0,0,12,0,1,,,,9.699024618,1,0,0,9.874018133,0,0,0,9,202.375,2.3125,0,40.12672861,0,0.0117647061,,,,,,,,,,,,
2026-04-14T17:58:17,F1_1 ,Fabricate only,640,4,0.0001,20,4,16,0,1,0.062745098,0.0117647059,0.5,12,1.2,2.5,0,0,0,13,0,1,,,,9.691223562,0,0,0,9.691223562,0,0,0,9.3125,210.125,2.5,0,40.16878155,0,0.0117647061,,,,,,,,,,,,
2026-04-14T17:58:17,F1_1 ,Fabricate only,640,4,0.0001,20,4,16,0,1,0.062745098,0.0117647059,0.5,12,1.2,2.5,0,0,0,14,0,1,,,,9.624589771,0,0,0,9.624589771,0,0,0,9.75,211.875,2.4375,0,39.65099327,0,0.0117647061,,,,,,,,,,,,
2026-04-14T17:58:17,F1_1 ,Fabricate only,640,4,0.0001,20,4,16,0,1,0.062745098,0.0117647059,0.5,12,1.2,2.5,0,0,0,15,0,1,,,,9.624589771,1,0,0,9.629760683,0,0,0,9.375,207.5,2.25,0,39.71445862,0,0.0117647061,,,,,,,,,,,,
2026-04-14T17:58:17,F1_1 ,Fabricate only,640,4,0.0001,20,4,16,0,1,0.062745098,0.0117647059,0.5,12,1.2,2.5,0,0,0,16,0,1,,,,9.426065624,0,0,0,9.426065624,0,0,0,9.9375,214.6875,2.375,0,39.4938394,0,0.0117647061,,,,,,,,,,,,
2026-04-14T17:58:17,F1_1 ,Fabricate only,640,4,0.0001,20,4,16,0,1,0.062745098,0.0117647059,0.5,12,1.2,2.5,0,0,0,17,0,1,,,,9.426065624,1,0,0,9.492443651,0,0,0,9.6875,208.875,2.25,0,39.47881128,0,0.0117647061,,,,,,,,,,,,
2026-04-14T17:58:17,F1_1 ,Fabricate only,640,4,0.0001,20,4,16,0,1,0.062745098,0.0117647059,0.5,12,1.2,2.5,0,0,0,18,0,1,,,,9.41277656,0,0,0,9.41277656,0,0,0,10.75,220.3125,2.5625,0,39.73774436,0,0.0117647061,,,,,,,,,,,,
2026-04-14T17:58:17,F1_1 ,Fabricate only,640,4,0.0001,20,4,16,0,1,0.062745098,0.0117647059,0.5,12,1.2,2.5,0,0,0,19,0,1,,,,9.398245692,0,0,0,9.398245692,0,0,0,9.6875,217.125,2.375,0,40.06365566,0,0.0117647061,,,,,,,,,,,,
2026-04-14T17:58:17,F1_1 ,Fabricate only,640,4,0.0001,20,4,16,0,1,0.062745098,0.0117647059,0.5,12,1.2,2.5,0,0,0,20,0,1,,,,9.335874885,0,0,0,9.335874885,0,0,0,10.8125,217.625,2.4375,0,40.0023854,0,0.0117647061,,,,,,,,,,,,
2026-04-15T21:49:54,F1_2,Fabricate only,640,4,0.0001,30,6,16,0,1,0.062745098,0.0117647059,0.5,10,1,2,0,0,0,1,0,1,,,,16.26690936,0,0,0,16.26690936,0,0,0,4,3.125,0.6875,0,39.30742331,0,0.0117647061,,,,,,,,,,,,
2026-04-15T21:49:54,F1_2,Fabricate only,640,4,0.0001,30,6,16,0,1,0.062745098,0.0117647059,0.5,10,1,2,0,0,0,2,0,1,,,,12.61958778,0,0,0,12.61958778,0,0,0,6.0625,72.8125,1.3125,0,40.99941965,0,0.0117647061,,,,,,,,,,,,
2026-04-15T21:49:54,F1_2,Fabricate only,640,4,0.0001,30,6,16,0,1,0.062745098,0.0117647059,0.5,10,1,2,0,0,0,3,0,1,,,,11.42565405,0,0,0,11.42565405,0,0,0,7.1875,127.625,1.625,0,40.31904837,0,0.0117647061,,,,,,,,,,,,
2026-04-15T21:49:54,F1_2,Fabricate only,640,4,0.0001,30,6,16,0,1,0.062745098,0.0117647059,0.5,10,1,2,0,0,0,4,0,1,,,,11.13149905,0,0,0,11.13149905,0,0,0,7.625,150.9375,2.25,0,40.01560808,0,0.0117647061,,,,,,,,,,,,
2026-04-15T21:49:54,F1_2,Fabricate only,640,4,0.0001,30,6,16,0,1,0.062745098,0.0117647059,0.5,10,1,2,0,0,0,5,0,1,,,,10.70388573,0,0,0,10.70388573,0,0,0,7.5,169.4375,1.9375,0,40.22875557,0,0.0117647061,,,,,,,,,,,,
2026-04-15T21:49:54,F1_2,Fabricate only,640,4,0.0001,30,6,16,0,1,0.062745098,0.0117647059,0.5,10,1,2,0,0,0,6,0,1,,,,10.70388573,1,0,0,10.78311217,0,0,0,7.3125,163.1875,2.0625,0,40.69763181,0,0.0117647061,,,,,,,,,,,,
2026-04-15T21:49:54,F1_2,Fabricate only,640,4,0.0001,30,6,16,0,1,0.062745098,0.0117647059,0.5,10,1,2,0,0,0,7,0,1,,,,10.68970758,0,0,0,10.68970758,0,0,0,7.3125,179.25,2.3125,0,40.71286691,0,0.0117647061,,,,,,,,,,,,
2026-04-15T21:49:54,F1_2,Fabricate only,640,4,0.0001,30,6,16,0,1,0.062745098,0.0117647059,0.5,10,1,2,0,0,0,8,0,1,,,,10.35557401,0,0,0,10.35557401,0,0,0,7.875,194.625,2.375,0,40.14681718,0,0.0117647061,,,,,,,,,,,,
2026-04-15T21:49:54,F1_2,Fabricate only,640,4,0.0001,30,6,16,0,1,0.062745098,0.0117647059,0.5,10,1,2,0,0,0,9,0,1,,,,10.30598146,0,0,0,10.30598146,0,0,0,9.25,201.3125,1.8125,0,40.35538989,0,0.0117647061,,,,,,,,,,,,
2026-04-15T21:49:54,F1_2,Fabricate only,640,4,0.0001,30,6,16,0,1,0.062745098,0.0117647059,0.5,10,1,2,0,0,0,10,0,1,,,,10.30598146,1,0,0,11.16609615,0,0,0,7.6875,176,2.1875,0,40.95469489,0,0.0117647061,,,,,,,,,,,,
2026-04-15T21:49:54,F1_2,Fabricate only,640,4,0.0001,30,6,16,0,1,0.062745098,0.0117647059,0.5,10,1,2,0,0,0,11,0,1,,,,10.13003635,0,0,0,10.13003635,0,0,0,8.5,202.8125,2.25,0,39.91381279,0,0.0117647061,,,,,,,,,,,,
2026-04-15T21:49:54,F1_2,Fabricate only,640,4,0.0001,30,6,16,0,1,0.062745098,0.0117647059,0.5,10,1,2,0,0,0,12,0,1,,,,10.13003635,1,0,0,10.20800698,0,0,0,9.4375,209.375,1.8125,0,40.05064144,0,0.0117647061,,,,,,,,,,,,
2026-04-15T21:49:54,F1_2,Fabricate only,640,4,0.0001,30,6,16,0,1,0.062745098,0.0117647059,0.5,10,1,2,0,0,0,13,0,1,,,,10.13003635,2,0,0,10.24991339,0,0,0,8.625,198.5,2.0625,0,40.13716797,0,0.0117647061,,,,,,,,,,,,
2026-04-15T21:49:54,F1_2,Fabricate only,640,4,0.0001,30,6,16,0,1,0.062745098,0.0117647059,0.5,10,1,2,0,0,0,14,0,1,,,,9.997732401,0,0,0,9.997732401,0,0,0,9.3125,215.8125,2.375,0,40.11740505,0,0.0117647061,,,,,,,,,,,,
2026-04-15T21:49:54,F1_2,Fabricate only,640,4,0.0001,30,6,16,0,1,0.062745098,0.0117647059,0.5,10,1,2,0,0,0,15,0,1,,,,9.997732401,1,0,0,10.06311667,0,0,0,9.375,219.9375,2.3125,0,40.37091277,0,0.0117647061,,,,,,,,,,,,
2026-04-15T21:49:54,F1_2,Fabricate only,640,4,0.0001,30,6,16,0,1,0.062745098,0.0117647059,0.5,10,1,2,0,0,0,16,0,1,,,,9.917129576,0,0,0,9.917129576,0,0,0,9.5,219.9375,2.4375,0,39.9868589,0,0.0117647061,,,,,,,,,,,,
2026-04-15T21:49:54,F1_2,Fabricate only,640,4,0.0001,30,6,16,0,1,0.062745098,0.0117647059,0.5,10,1,2,0,0,0,17,0,1,,,,9.896141231,0,0,0,9.896141231,0,0,0,8.9375,219.6875,2.3125,0,39.91076534,0,0.0117647061,,,,,,,,,,,,
2026-04-15T21:49:54,F1_2,Fabricate only,640,4,0.0001,30,6,16,0,1,0.062745098,0.0117647059,0.5,10,1,2,0,0,0,18,0,1,,,,9.896141231,1,0,0,9.994661152,0,0,0,9.625,218.5,2.5,0,40.19246431,0,0.0117647061,,,,,,,,,,,,
2026-04-15T21:49:54,F1_2,Fabricate only,640,4,0.0001,30,6,16,0,1,0.062745098,0.0117647059,0.5,10,1,2,0,0,0,19,0,1,,,,9.814503074,0,0,0,9.814503074,0,0,0,9.5625,219.8125,2.375,0,39.57966315,0,0.0117647061,,,,,,,,,,,,
2026-04-15T21:49:54,F1_2,Fabricate only,640,4,0.0001,30,6,16,0,1,0.062745098,0.0117647059,0.5,10,1,2,0,0,0,20,0,1,,,,9.814503074,1,0,0,10.16742796,0,0,0,8.1875,209.8125,2.25,0,40.05948342,0,0.0117647061,,,,,,,,,,,,
2026-04-15T21:49:54,F1_2,Fabricate only,640,4,0.0001,30,6,16,0,1,0.062745098,0.0117647059,0.5,10,1,2,0,0,0,21,0,1,,,,9.672931254,0,0,0,9.672931254,0,0,0,9.5,210.1875,2.4375,0,39.80358995,0,0.0117647061,,,,,,,,,,,,
2026-04-15T21:49:54,F1_2,Fabricate only,640,4,0.0001,30,6,16,0,1,0.062745098,0.0117647059,0.5,10,1,2,0,0,0,22,0,1,,,,9.672931254,1,0,0,9.801590264,0,0,0,10.9375,221,2.25,0,39.94563846,0,0.0117647061,,,,,,,,,,,,
2026-04-15T21:49:54,F1_2,Fabricate only,640,4,0.0001,30,6,16,0,1,0.062745098,0.0117647059,0.5,10,1,2,0,0,0,23,0,1,,,,9.612272561,0,0,0,9.612272561,0,0,0,9.75,215.9375,2.5,0,39.50950516,0,0.0117647061,,,,,,,,,,,,
2026-04-15T21:49:54,F1_2,Fabricate only,640,4,0.0001,30,6,16,0,1,0.062745098,0.0117647059,0.5,10,1,2,0,0,0,24,0,1,,,,9.547025919,0,0,0,9.547025919,0,0,0,9.3125,215.4375,2.4375,0,39.46545894,0,0.0117647061,,,,,,,,,,,,
2026-04-15T21:49:54,F1_2,Fabricate only,640,4,0.0001,30,6,16,0,1,0.062745098,0.0117647059,0.5,10,1,2,0,0,0,25,0,1,,,,9.507027835,0,0,0,9.507027835,0,0,0,10.1875,218.875,2.375,0,39.48344477,0,0.0117647061,,,,,,,,,,,,
2026-04-15T21:49:54,F1_2,Fabricate only,640,4,0.0001,30,6,16,0,1,0.062745098,0.0117647059,0.5,10,1,2,0,0,0,26,0,1,,,,9.507027835,1,0,0,9.528790534,0,0,0,10.1875,221.3125,2.4375,0,39.46253934,0,0.0117647061,,,,,,,,,,,,
2026-04-15T21:49:54,F1_2,Fabricate only,640,4,0.0001,30,6,16,0,1,0.062745098,0.0117647059,0.5,10,1,2,0,0,0,27,0,1,,,,9.507027835,2,0,0,9.524333656,0,0,0,9.625,217.5,2.375,0,39.66642062,0,0.0117647061,,,,,,,,,,,,
2026-04-15T21:49:54,F1_2,Fabricate only,640,4,0.0001,30,6,16,0,1,0.062745098,0.0117647059,0.5,10,1,2,0,0,0,28,0,1,,,,9.507027835,3,0,0,9.6739223,0,0,0,9.125,211.5625,2.1875,0,39.4285162,0,0.0117647061,,,,,,,,,,,,
2026-04-15T21:49:54,F1_2,Fabricate only,640,4,0.0001,30,6,16,0,1,0.062745098,0.0117647059,0.5,10,1,2,0,0,0,29,0,1,,,,9.436220765,0,0,0,9.436220765,0,0,0,10.3125,220.5,2.375,0,39.45661887,0,0.0117647061,,,,,,,,,,,,
2026-04-15T21:49:54,F1_2,Fabricate only,640,4,0.0001,30,6,16,0,1,0.062745098,0.0117647059,0.5,10,1,2,0,0,0,30,0,1,,,,9.396029681,0,0,0,9.396029681,0,0,0,10.5625,222.125,2.375,0,39.46813925,0,0.0117647061,,,,,,,,,,,,
2026-04-20T19:23:15,F2,Fabricate only,640,4,0.0001,30,6,16,0,1,0.062745098,0.00784313725,0.5,10,1,2,0,0,0,1,0,1,,,,15.82450253,0,0,0,15.82450253,0,0,0,3.125,1.4375,0.4375,0,42.58577144,0,0.00784313772,,,,,,,,,,,,
2026-04-20T19:24:58,F2,Fabricate only,640,4,0.0001,30,6,16,0,1,0.062745098,0.00784313725,0.5,10,1,2,0,0,0,1,0,1,,,,16.02485281,0,0,0,16.02485281,0,0,0,2.625,1.5625,0.5,0,42.73085349,0,0.00784313772,,,,,,,,,,,,
2026-04-20T19:23:15,F2,Fabricate only,640,4,0.0001,30,6,16,0,1,0.062745098,0.00784313725,0.5,10,1,2,0,0,0,2,0,1,,,,14.5373103,0,0,0,14.5373103,0,0,0,2.875,25.375,1.0625,0,43.07804484,0,0.00784313772,,,,,,,,,,,,
2026-04-20T19:24:58,F2,Fabricate only,640,4,0.0001,30,6,16,0,1,0.062745098,0.00784313725,0.5,10,1,2,0,0,0,2,0,1,,,,14.4180516,0,0,0,14.4180516,0,0,0,3.0625,23.3125,1.3125,0,43.17052383,0,0.00784313772,,,,,,,,,,,,
2026-04-20T19:24:58,F2,Fabricate only,640,4,0.0001,30,6,16,0,1,0.062745098,0.00784313725,0.5,10,1,2,0,0,0,3,0,1,,,,13.81683499,0,0,0,13.81683499,0,0,0,3.4375,35.8125,1.0625,0,43.1016829,0,0.00784313772,,,,,,,,,,,,
2026-04-20T19:23:15,F2,Fabricate only,640,4,0.0001,30,6,16,0,1,0.062745098,0.00784313725,0.5,10,1,2,0,0,0,3,0,1,,,,13.75207406,0,0,0,13.75207406,0,0,0,3.6875,31,1.1875,0,42.95576907,0,0.00784313772,,,,,,,,,,,,
2026-04-20T19:24:58,F2,Fabricate only,640,4,0.0001,30,6,16,0,1,0.062745098,0.00784313725,0.5,10,1,2,0,0,0,4,0,1,,,,13.40957624,0,0,0,13.40957624,0,0,0,4.375,46.9375,0.9375,0,42.95385381,0,0.00784313772,,,,,,,,,,,,
2026-04-20T19:23:15,F2,Fabricate only,640,4,0.0001,30,6,16,0,1,0.062745098,0.00784313725,0.5,10,1,2,0,0,0,4,0,1,,,,13.54282624,0,0,0,13.54282624,0,0,0,3.875,39.1875,1.25,0,42.94646689,0,0.00784313772,,,,,,,,,,,,
2026-04-20T19:24:58,F2,Fabricate only,640,4,0.0001,30,6,16,0,1,0.062745098,0.00784313725,0.5,10,1,2,0,0,0,5,0,1,,,,13.1811285,0,0,0,13.1811285,0,0,0,4.375,56.5,0.9375,0,42.92520908,0,0.00784313772,,,,,,,,,,,,
2026-04-20T19:23:15,F2,Fabricate only,640,4,0.0001,30,6,16,0,1,0.062745098,0.00784313725,0.5,10,1,2,0,0,0,5,0,1,,,,13.1685577,0,0,0,13.1685577,0,0,0,4.625,55,1,0,42.91099707,0,0.00784313772,,,,,,,,,,,,
2026-04-20T19:24:58,F2,Fabricate only,640,4,0.0001,30,6,16,0,1,0.062745098,0.00784313725,0.5,10,1,2,0,0,0,6,0,1,,,,13.06333572,0,0,0,13.06333572,0,0,0,4.6875,60.3125,0.875,0,42.91239997,0,0.00784313772,,,,,,,,,,,,
2026-04-20T19:23:15,F2,Fabricate only,640,4,0.0001,30,6,16,0,1,0.062745098,0.00784313725,0.5,10,1,2,0,0,0,6,0,1,,,,13.08524334,0,0,0,13.08524334,0,0,0,4.6875,57.875,0.9375,0,42.89897756,0,0.00784313772,,,,,,,,,,,,
2026-04-20T19:24:58,F2,Fabricate only,640,4,0.0001,30,6,16,0,1,0.062745098,0.00784313725,0.5,10,1,2,0,0,0,7,0,1,,,,12.98828721,0,0,0,12.98828721,0,0,0,4.625,66.875,0.9375,0,42.88037618,0,0.00784313772,,,,,,,,,,,,
2026-04-20T19:23:15,F2,Fabricate only,640,4,0.0001,30,6,16,0,1,0.062745098,0.00784313725,0.5,10,1,2,0,0,0,7,0,1,,,,12.84969687,0,0,0,12.84969687,0,0,0,4.8125,71.9375,0.875,0,43.28600398,0,0.00784313772,,,,,,,,,,,,
2026-04-20T19:24:58,F2,Fabricate only,640,4,0.0001,30,6,16,0,1,0.062745098,0.00784313725,0.5,10,1,2,0,0,0,8,0,1,,,,12.92606962,0,0,0,12.92606962,0,0,0,4.9375,69.5,0.75,0,42.90147014,0,0.00784313772,,,,,,,,,,,,
2026-04-20T19:23:15,F2,Fabricate only,640,4,0.0001,30,6,16,0,1,0.062745098,0.00784313725,0.5,10,1,2,0,0,0,8,0,1,,,,12.73307019,0,0,0,12.73307019,0,0,0,5.25,80.75,1.1875,0,43.3376149,0,0.00784313772,,,,,,,,,,,,
2026-04-20T19:24:58,F2,Fabricate only,640,4,0.0001,30,6,16,0,1,0.062745098,0.00784313725,0.5,10,1,2,0,0,0,9,0,1,,,,12.75555509,0,0,0,12.75555509,0,0,0,4.6875,71.75,1.125,0,42.98738398,0,0.00784313772,,,,,,,,,,,,
2026-04-20T19:23:15,F2,Fabricate only,640,4,0.0001,30,6,16,0,1,0.062745098,0.00784313725,0.5,10,1,2,0,0,0,9,0,1,,,,12.73307019,1,0,0,12.8336904,0,0,0,5.1875,73.5,1.0625,0,43.41468044,0,0.00784313772,,,,,,,,,,,,
2026-04-20T19:24:58,F2,Fabricate only,640,4,0.0001,30,6,16,0,1,0.062745098,0.00784313725,0.5,10,1,2,0,0,0,10,0,1,,,,12.75555509,1,0,0,12.83047462,0,0,0,4.75,67.5625,1.0625,0,42.87823262,0,0.00784313772,,,,,,,,,,,,
2026-04-20T19:23:15,F2,Fabricate only,640,4,0.0001,30,6,16,0,1,0.062745098,0.00784313725,0.5,10,1,2,0,0,0,10,0,1,,,,12.73307019,2,0,0,12.73504049,0,0,0,4.75,67.375,1.125,0,42.89057168,0,0.00784313772,,,,,,,,,,,,
2026-04-20T19:24:58,F2,Fabricate only,640,4,0.0001,30,6,16,0,1,0.062745098,0.00784313725,0.5,10,1,2,0,0,0,11,0,1,,,,12.48353922,0,0,0,12.48353922,0,0,0,5,84.4375,0.875,0,42.85396107,0,0.00784313772,,,,,,,,,,,,
2026-04-20T19:23:15,F2,Fabricate only,640,4,0.0001,30,6,16,0,1,0.062745098,0.00784313725,0.5,10,1,2,0,0,0,11,0,1,,,,12.54599023,0,0,0,12.54599023,0,0,0,5.125,83.6875,1.1875,0,42.90899493,0,0.00784313772,,,,,,,,,,,,
2026-04-20T19:24:58,F2,Fabricate only,640,4,0.0001,30,6,16,0,1,0.062745098,0.00784313725,0.5,10,1,2,0,0,0,12,0,1,,,,12.46496224,0,0,0,12.46496224,0,0,0,5.375,77.375,1.0625,0,42.88708152,0,0.00784313772,,,,,,,,,,,,
2026-04-20T19:23:15,F2,Fabricate only,640,4,0.0001,30,6,16,0,1,0.062745098,0.00784313725,0.5,10,1,2,0,0,0,12,0,1,,,,12.52788103,0,0,0,12.52788103,0,0,0,5.1875,85,1.1875,0,42.85598922,0,0.00784313772,,,,,,,,,,,,
2026-04-20T19:24:58,F2,Fabricate only,640,4,0.0001,30,6,16,0,1,0.062745098,0.00784313725,0.5,10,1,2,0,0,0,13,0,1,,,,12.46496224,1,0,0,12.55840325,0,0,0,4.6875,76.125,1.3125,0,42.87035035,0,0.00784313772,,,,,,,,,,,,
2026-04-20T19:23:15,F2,Fabricate only,640,4,0.0001,30,6,16,0,1,0.062745098,0.00784313725,0.5,10,1,2,0,0,0,13,0,1,,,,12.50455588,0,0,0,12.50455588,0,0,0,5.5,81.9375,1.125,0,42.84801922,0,0.00784313772,,,,,,,,,,,,
2026-04-20T19:24:58,F2,Fabricate only,640,4,0.0001,30,6,16,0,1,0.062745098,0.00784313725,0.5,10,1,2,0,0,0,14,0,1,,,,12.32809573,0,0,0,12.32809573,0,0,0,5.625,86,1.25,0,42.86986378,0,0.00784313772,,,,,,,,,,,,
2026-04-20T19:23:15,F2,Fabricate only,640,4,0.0001,30,6,16,0,1,0.062745098,0.00784313725,0.5,10,1,2,0,0,0,14,0,1,,,,12.39651382,0,0,0,12.39651382,0,0,0,5.6875,90.8125,1.0625,0,42.87103359,0,0.00784313772,,,,,,,,,,,,
2026-04-20T19:24:58,F2,Fabricate only,640,4,0.0001,30,6,16,0,1,0.062745098,0.00784313725,0.5,10,1,2,0,0,0,15,0,1,,,,12.32809573,1,0,0,12.84650505,0,0,0,5.625,80.125,1.0625,0,43.51303589,0,0.00784313772,,,,,,,,,,,,
2026-04-20T19:23:15,F2,Fabricate only,640,4,0.0001,30,6,16,0,1,0.062745098,0.00784313725,0.5,10,1,2,0,0,0,15,0,1,,,,12.35008758,0,0,0,12.35008758,0,0,0,5.5625,92.625,1.25,0,42.92480124,0,0.00784313772,,,,,,,,,,,,
2026-04-20T19:24:58,F2,Fabricate only,640,4,0.0001,30,6,16,0,1,0.062745098,0.00784313725,0.5,10,1,2,0,0,0,16,0,1,,,,12.15503937,0,0,0,12.15503937,0,0,0,5.4375,90.3125,1.25,0,42.88452225,0,0.00784313772,,,,,,,,,,,,
2026-04-20T19:23:15,F2,Fabricate only,640,4,0.0001,30,6,16,0,1,0.062745098,0.00784313725,0.5,10,1,2,0,0,0,16,0,1,,,,12.35008758,1,0,0,12.56636566,0,0,0,6,100.5,1.375,0,44.04817714,0,0.00784313772,,,,,,,,,,,,
2026-04-20T19:24:58,F2,Fabricate only,640,4,0.0001,30,6,16,0,1,0.062745098,0.00784313725,0.5,10,1,2,0,0,0,17,0,1,,,,12.07431394,0,0,0,12.07431394,0,0,0,5.75,99.25,1.4375,0,42.90572182,0,0.00784313772,,,,,,,,,,,,
2026-04-20T19:23:15,F2,Fabricate only,640,4,0.0001,30,6,16,0,1,0.062745098,0.00784313725,0.5,10,1,2,0,0,0,17,0,1,,,,12.22568518,0,0,0,12.22568518,0,0,0,5.5,90.5,1.1875,0,42.85415435,0,0.00784313772,,,,,,,,,,,,
2026-04-20T19:24:58,F2,Fabricate only,640,4,0.0001,30,6,16,0,1,0.062745098,0.00784313725,0.5,10,1,2,0,0,0,18,0,1,,,,12.02858806,0,0,0,12.02858806,0,0,0,5.5625,96.6875,1.3125,0,42.86919582,0,0.00784313772,,,,,,,,,,,,
2026-04-20T19:23:15,F2,Fabricate only,640,4,0.0001,30,6,16,0,1,0.062745098,0.00784313725,0.5,10,1,2,0,0,0,18,0,1,,,,12.14620936,0,0,0,12.14620936,0,0,0,5.75,89.3125,1.375,0,42.85459093,0,0.00784313772,,,,,,,,,,,,
2026-04-20T19:24:58,F2,Fabricate only,640,4,0.0001,30,6,16,0,1,0.062745098,0.00784313725,0.5,10,1,2,0,0,0,19,0,1,,,,12.01966226,0,0,0,12.01966226,0,0,0,5.75,99.75,1.25,0,42.89195152,0,0.00784313772,,,,,,,,,,,,
2026-04-20T19:23:15,F2,Fabricate only,640,4,0.0001,30,6,16,0,1,0.062745098,0.00784313725,0.5,10,1,2,0,0,0,19,0,1,,,,12.13365662,0,0,0,12.13365662,0,0,0,5.875,102.1875,1.3125,0,42.87549075,0,0.00784313772,,,,,,,,,,,,
2026-04-20T19:24:58,F2,Fabricate only,640,4,0.0001,30,6,16,0,1,0.062745098,0.00784313725,0.5,10,1,2,0,0,0,20,0,1,,,,12.01966226,1,0,0,12.03091276,0,0,0,5.875,93.5,1.3125,0,42.87950183,0,0.00784313772,,,,,,,,,,,,
2026-04-20T19:24:58,F2,Fabricate only,640,4,0.0001,30,6,16,0,1,0.062745098,0.00784313725,0.5,10,1,2,0,0,0,21,0,1,,,,11.9584071,0,0,0,11.9584071,0,0,0,5.625,98.4375,1.6875,0,42.87567772,0,0.00784313772,,,,,,,,,,,,
2026-04-20T19:23:15,F2,Fabricate only,640,4,0.0001,30,6,16,0,1,0.062745098,0.00784313725,0.5,10,1,2,0,0,0,20,0,1,,,,11.99958712,0,0,0,11.99958712,0,0,0,5.875,103.875,1.5625,0,42.84760803,0,0.00784313772,,,,,,,,,,,,
2026-04-20T19:24:58,F2,Fabricate only,640,4,0.0001,30,6,16,0,1,0.062745098,0.00784313725,0.5,10,1,2,0,0,0,22,0,1,,,,11.94629055,0,0,0,11.94629055,0,0,0,5.6875,94.1875,1.5,0,42.88004895,0,0.00784313772,,,,,,,,,,,,
2026-04-20T19:23:15,F2,Fabricate only,640,4,0.0001,30,6,16,0,1,0.062745098,0.00784313725,0.5,10,1,2,0,0,0,21,0,1,,,,11.99958712,1,0,0,12.07847297,0,0,0,5.8125,97.4375,1.375,0,42.81514621,0,0.00784313772,,,,,,,,,,,,
2026-04-20T19:24:58,F2,Fabricate only,640,4,0.0001,30,6,16,0,1,0.062745098,0.00784313725,0.5,10,1,2,0,0,0,23,0,1,,,,11.94629055,1,0,0,12.01074761,0,0,0,6,103.375,1.375,0,42.88909952,0,0.00784313772,,,,,,,,,,,,
2026-04-20T19:23:15,F2,Fabricate only,640,4,0.0001,30,6,16,0,1,0.062745098,0.00784313725,0.5,10,1,2,0,0,0,22,0,1,,,,11.88863939,0,0,0,11.88863939,0,0,0,6,110.375,1.5625,0,42.86602661,0,0.00784313772,,,,,,,,,,,,
2026-04-20T19:24:58,F2,Fabricate only,640,4,0.0001,30,6,16,0,1,0.062745098,0.00784313725,0.5,10,1,2,0,0,0,24,0,1,,,,11.94629055,2,0,0,13.2526114,0,0,0,6.3125,108.375,1.4375,0,44.10026443,0,0.00784313772,,,,,,,,,,,,
2026-04-20T19:23:15,F2,Fabricate only,640,4,0.0001,30,6,16,0,1,0.062745098,0.00784313725,0.5,10,1,2,0,0,0,23,0,1,,,,11.88863939,1,0,0,11.90155452,0,0,0,5.875,100,1.4375,0,42.85836483,0,0.00784313772,,,,,,,,,,,,
2026-04-20T19:24:58,F2,Fabricate only,640,4,0.0001,30,6,16,0,1,0.062745098,0.00784313725,0.5,10,1,2,0,0,0,25,0,1,,,,11.94629055,3,0,0,12.05276,0,0,0,5.6875,98.25,1.5,0,42.86317019,0,0.00784313772,,,,,,,,,,,,
2026-04-20T19:23:15,F2,Fabricate only,640,4,0.0001,30,6,16,0,1,0.062745098,0.00784313725,0.5,10,1,2,0,0,0,24,0,1,,,,11.88863939,2,0,0,11.90865201,0,0,0,5.5,93,1.375,0,42.81376356,0,0.00784313772,,,,,,,,,,,,
2026-04-20T19:24:58,F2,Fabricate only,640,4,0.0001,30,6,16,0,1,0.062745098,0.00784313725,0.5,10,1,2,0,0,0,26,0,1,,,,11.91075289,0,0,0,11.91075289,0,0,0,5.75,103.75,1.625,0,42.89144635,0,0.00784313772,,,,,,,,,,,,
2026-04-20T19:23:15,F2,Fabricate only,640,4,0.0001,30,6,16,0,1,0.062745098,0.00784313725,0.5,10,1,2,0,0,0,25,0,1,,,,11.8434366,0,0,0,11.8434366,0,0,0,6.3125,103.125,1.3125,0,42.86467571,0,0.00784313772,,,,,,,,,,,,
2026-04-20T19:24:58,F2,Fabricate only,640,4,0.0001,30,6,16,0,1,0.062745098,0.00784313725,0.5,10,1,2,0,0,0,27,0,1,,,,11.85298759,0,0,0,11.85298759,0,0,0,5.8125,100.5,1.3125,0,42.85973077,0,0.00784313772,,,,,,,,,,,,
2026-04-20T19:23:15,F2,Fabricate only,640,4,0.0001,30,6,16,0,1,0.062745098,0.00784313725,0.5,10,1,2,0,0,0,26,0,1,,,,11.73008519,0,0,0,11.73008519,0,0,0,6.375,109.1875,1.5,0,42.85150678,0,0.00784313772,,,,,,,,,,,,
2026-04-20T19:24:58,F2,Fabricate only,640,4,0.0001,30,6,16,0,1,0.062745098,0.00784313725,0.5,10,1,2,0,0,0,28,0,1,,,,11.85298759,1,0,0,11.858064,0,0,0,6.3125,105,1.3125,0,42.88380335,0,0.00784313772,,,,,,,,,,,,
2026-04-20T19:23:15,F2,Fabricate only,640,4,0.0001,30,6,16,0,1,0.062745098,0.00784313725,0.5,10,1,2,0,0,0,27,0,1,,,,11.73008519,1,0,0,11.91292685,0,0,0,5.875,100.9375,1.3125,0,42.82710679,0,0.00784313772,,,,,,,,,,,,
2026-04-20T19:24:58,F2,Fabricate only,640,4,0.0001,30,6,16,0,1,0.062745098,0.00784313725,0.5,10,1,2,0,0,0,29,0,1,,,,11.85298759,2,0,0,11.89277148,0,0,0,6.125,102.125,1.5625,0,42.86748736,0,0.00784313772,,,,,,,,,,,,
2026-04-20T19:23:15,F2,Fabricate only,640,4,0.0001,30,6,16,0,1,0.062745098,0.00784313725,0.5,10,1,2,0,0,0,28,0,1,,,,11.73008519,2,0,0,11.76410073,0,0,0,6.4375,105.625,1.375,0,42.85599637,0,0.00784313772,,,,,,,,,,,,
2026-04-20T19:24:58,F2,Fabricate only,640,4,0.0001,30,6,16,0,1,0.062745098,0.00784313725,0.5,10,1,2,0,0,0,30,0,1,,,,11.76541966,0,0,0,11.76541966,0,0,0,5.8125,105.5,1.6875,0,42.84621641,0,0.00784313772,,,,,,,,,,,,
2026-04-20T19:23:15,F2,Fabricate only,640,4,0.0001,30,6,16,0,1,0.062745098,0.00784313725,0.5,10,1,2,0,0,0,29,0,1,,,,11.73008519,3,0,0,11.73260319,0,0,0,6.125,104.6875,1.625,0,42.82755629,0,0.00784313772,,,,,,,,,,,,
2026-04-20T19:23:15,F2,Fabricate only,640,4,0.0001,30,6,16,0,1,0.062745098,0.00784313725,0.5,10,1,2,0,0,0,30,0,1,,,,11.73008519,4,0,0,11.74351513,0,0,0,6,108.5,1.625,0,42.82294462,0,0.00784313772,,,,,,,,,,,,
2026-04-23T13:40:31,F3,Fabricate only,640,4,0.0001,30,6,16,0,1,0.062745098,0.0117647059,0.55,10,1,2,0,0,0,1,0,1,,,,16.68577653,0,0,0,16.68577653,0,0,0,4.125,3.5625,0.5625,0,39.78559242,0,0.0117647061,,,,,,,,,,,,
2026-04-23T13:40:31,F3,Fabricate only,640,4,0.0001,30,6,16,0,1,0.062745098,0.0117647059,0.55,10,1,2,0,0,0,2,0,1,,,,12.73423952,0,0,0,12.73423952,0,0,0,5.6875,87.3125,2.125,0,40.33767913,0,0.0117647061,,,,,,,,,,,,
2026-04-23T13:40:31,F3,Fabricate only,640,4,0.0001,30,6,16,0,1,0.062745098,0.0117647059,0.55,10,1,2,0,0,0,3,0,1,,,,11.94070411,0,0,0,11.94070411,0,0,0,7.5,129.75,1.8125,0,39.5924769,0,0.0117647061,,,,,,,,,,,,
2026-04-23T13:40:31,F3,Fabricate only,640,4,0.0001,30,6,16,0,1,0.062745098,0.0117647059,0.55,10,1,2,0,0,0,4,0,1,,,,11.39421701,0,0,0,11.39421701,0,0,0,8.125,151.3125,1.9375,0,39.78925204,0,0.0117647061,,,,,,,,,,,,
2026-04-23T13:40:31,F3,Fabricate only,640,4,0.0001,30,6,16,0,1,0.062745098,0.0117647059,0.55,10,1,2,0,0,0,5,0,1,,,,11.26809371,0,0,0,11.26809371,0,0,0,8.125,142.375,2.125,0,39.54500206,0,0.0117647061,,,,,,,,,,,,
2026-04-23T13:40:31,F3,Fabricate only,640,4,0.0001,30,6,16,0,1,0.062745098,0.0117647059,0.55,10,1,2,0,0,0,6,0,1,,,,10.93717235,0,0,0,10.93717235,0,0,0,9,174.375,2.3125,0,39.49938919,0,0.0117647061,,,,,,,,,,,,
2026-04-23T13:40:31,F3,Fabricate only,640,4,0.0001,30,6,16,0,1,0.062745098,0.0117647059,0.55,10,1,2,0,0,0,7,0,1,,,,10.76541078,0,0,0,10.76541078,0,0,0,8.9375,185.9375,2.5,0,39.5850055,0,0.0117647061,,,,,,,,,,,,
2026-04-23T13:40:31,F3,Fabricate only,640,4,0.0001,30,6,16,0,1,0.062745098,0.0117647059,0.55,10,1,2,0,0,0,8,0,1,,,,10.67269415,0,0,0,10.67269415,0,0,0,9.5625,196.25,2.375,0,39.51663966,0,0.0117647061,,,,,,,,,,,,
2026-04-23T13:40:31,F3,Fabricate only,640,4,0.0001,30,6,16,0,1,0.062745098,0.0117647059,0.55,10,1,2,0,0,0,9,0,1,,,,10.5855695,0,0,0,10.5855695,0,0,0,9,190.8125,2.25,0,39.46422673,0,0.0117647061,,,,,,,,,,,,
2026-04-23T13:40:31,F3,Fabricate only,640,4,0.0001,30,6,16,0,1,0.062745098,0.0117647059,0.55,10,1,2,0,0,0,10,0,1,,,,10.52439445,0,0,0,10.52439445,0,0,0,9.5,198.1875,2.4375,0,39.46390419,0,0.0117647061,,,,,,,,,,,,
2026-04-23T13:40:31,F3,Fabricate only,640,4,0.0001,30,6,16,0,1,0.062745098,0.0117647059,0.55,10,1,2,0,0,0,11,0,1,,,,10.4180029,0,0,0,10.4180029,0,0,0,9.5625,211.125,2.625,0,39.47869342,0,0.0117647061,,,,,,,,,,,,
2026-04-23T13:40:31,F3,Fabricate only,640,4,0.0001,30,6,16,0,1,0.062745098,0.0117647059,0.55,10,1,2,0,0,0,12,0,1,,,,10.35352796,0,0,0,10.35352796,0,0,0,10.4375,209.75,2.9375,0,39.46065717,0,0.0117647061,,,,,,,,,,,,
2026-04-23T13:40:31,F3,Fabricate only,640,4,0.0001,30,6,16,0,1,0.062745098,0.0117647059,0.55,10,1,2,0,0,0,13,0,1,,,,10.35352796,1,0,0,10.36441147,0,0,0,9.5,210,2.6875,0,39.4633753,0,0.0117647061,,,,,,,,,,,,
2026-04-23T13:40:31,F3,Fabricate only,640,4,0.0001,30,6,16,0,1,0.062745098,0.0117647059,0.55,10,1,2,0,0,0,14,0,1,,,,10.16004378,0,0,0,10.16004378,0,0,0,10.5,211.375,2.5,0,39.71838942,0,0.0117647061,,,,,,,,,,,,
2026-04-23T13:40:31,F3,Fabricate only,640,4,0.0001,30,6,16,0,1,0.062745098,0.0117647059,0.55,10,1,2,0,0,0,15,0,1,,,,10.10094351,0,0,0,10.10094351,0,0,0,9.75,203.25,2.4375,0,39.43072569,0,0.0117647061,,,,,,,,,,,,
2026-04-23T13:40:31,F3,Fabricate only,640,4,0.0001,30,6,16,0,1,0.062745098,0.0117647059,0.55,10,1,2,0,0,0,16,0,1,,,,9.943212032,0,0,0,9.943212032,0,0,0,9.8125,208.5,2.8125,0,39.45668098,0,0.0117647061,,,,,,,,,,,,
2026-04-23T13:40:31,F3,Fabricate only,640,4,0.0001,30,6,16,0,1,0.062745098,0.0117647059,0.55,10,1,2,0,0,0,17,0,1,,,,9.853901684,0,0,0,9.853901684,0,0,0,9.8125,203.0625,2.75,0,39.43997965,0,0.0117647061,,,,,,,,,,,,
2026-04-23T13:40:31,F3,Fabricate only,640,4,0.0001,30,6,16,0,1,0.062745098,0.0117647059,0.55,10,1,2,0,0,0,18,0,1,,,,9.853901684,1,0,0,10.00803739,0,0,0,8.875,205.6875,2.625,0,40.41495952,0,0.0117647061,,,,,,,,,,,,
2026-04-23T13:40:31,F3,Fabricate only,640,4,0.0001,30,6,16,0,1,0.062745098,0.0117647059,0.55,10,1,2,0,0,0,19,0,1,,,,9.853901684,2,0,0,9.958787918,0,0,0,9.5625,204.8125,2.875,0,39.46688994,0,0.0117647061,,,,,,,,,,,,
2026-04-23T13:40:31,F3,Fabricate only,640,4,0.0001,30,6,16,0,1,0.062745098,0.0117647059,0.55,10,1,2,0,0,0,20,0,1,,,,9.677253008,0,0,0,9.677253008,0,0,0,10.6875,218,2.5625,0,39.42854099,0,0.0117647061,,,,,,,,,,,,
2026-04-23T13:40:31,F3,Fabricate only,640,4,0.0001,30,6,16,0,1,0.062745098,0.0117647059,0.55,10,1,2,0,0,0,21,0,1,,,,9.677253008,1,0,0,9.692093432,0,0,0,10.1875,211.8125,2.75,0,39.40420072,0,0.0117647061,,,,,,,,,,,,
2026-04-23T13:40:31,F3,Fabricate only,640,4,0.0001,30,6,16,0,1,0.062745098,0.0117647059,0.55,10,1,2,0,0,0,22,0,1,,,,9.615102768,0,0,0,9.615102768,0,0,0,9.875,214.5625,2.5625,0,39.63969581,0,0.0117647061,,,,,,,,,,,,
2026-04-23T13:40:31,F3,Fabricate only,640,4,0.0001,30,6,16,0,1,0.062745098,0.0117647059,0.55,10,1,2,0,0,0,23,0,1,,,,9.615102768,1,0,0,9.734525681,0,0,0,10.4375,218.625,2.5,0,39.43344097,0,0.0117647061,,,,,,,,,,,,
2026-04-23T13:40:31,F3,Fabricate only,640,4,0.0001,30,6,16,0,1,0.062745098,0.0117647059,0.55,10,1,2,0,0,0,24,0,1,,,,9.595944583,0,0,0,9.595944583,0,0,0,10.4375,215.6875,2.625,0,39.41578491,0,0.0117647061,,,,,,,,,,,,
2026-04-23T13:40:31,F3,Fabricate only,640,4,0.0001,30,6,16,0,1,0.062745098,0.0117647059,0.55,10,1,2,0,0,0,25,0,1,,,,9.595944583,1,0,0,9.625647545,0,0,0,10.25,215.1875,2.6875,0,39.43729902,0,0.0117647061,,,,,,,,,,,,
2026-04-23T13:40:31,F3,Fabricate only,640,4,0.0001,30,6,16,0,1,0.062745098,0.0117647059,0.55,10,1,2,0,0,0,26,0,1,,,,9.525683194,0,0,0,9.525683194,0,0,0,10.1875,215.5625,2.875,0,39.46937477,0,0.0117647061,,,,,,,,,,,,
2026-04-23T13:40:31,F3,Fabricate only,640,4,0.0001,30,6,16,0,1,0.062745098,0.0117647059,0.55,10,1,2,0,0,0,27,0,1,,,,9.509802103,0,0,0,9.509802103,0,0,0,9,214.6875,2.6875,0,39.45776945,0,0.0117647061,,,,,,,,,,,,
2026-04-23T13:40:31,F3,Fabricate only,640,4,0.0001,30,6,16,0,1,0.062745098,0.0117647059,0.55,10,1,2,0,0,0,28,0,1,,,,9.509802103,1,0,0,9.593177885,0,0,0,10.0625,216.375,2.625,0,39.46181122,0,0.0117647061,,,,,,,,,,,,
2026-04-23T13:40:31,F3,Fabricate only,640,4,0.0001,30,6,16,0,1,0.062745098,0.0117647059,0.55,10,1,2,0,0,0,29,0,1,,,,9.509802103,2,0,0,9.815707386,0,0,0,10.625,214.3125,2.4375,0,39.44090452,0,0.0117647061,,,,,,,,,,,,
2026-04-23T13:40:31,F3,Fabricate only,640,4,0.0001,30,6,16,0,1,0.062745098,0.0117647059,0.55,10,1,2,0,0,0,30,0,1,,,,9.509802103,3,0,0,9.550237358,0,0,0,10.25,216.9375,2.625,0,39.44063089,0,0.0117647061,,,,,,,,,,,,
2026-04-23T17:22:32,F4,Fabricate only,640,4,0.0001,30,6,16,0,1,0.062745098,0.0117647059,0.5,20,2.5,3,0,0,0,1,0,1,,,,16.10734326,0,0,0,16.10734326,0,0,0,3.4375,2.0625,0.625,0,39.64548212,0,0.0117647061,,,,,,,,,,,,
2026-04-23T17:22:32,F4,Fabricate only,640,4,0.0001,30,6,16,0,1,0.062745098,0.0117647059,0.5,20,2.5,3,0,0,0,2,0,1,,,,12.7446149,0,0,0,12.7446149,0,0,0,5,73.375,1.4375,0,40.01442128,0,0.0117647061,,,,,,,,,,,,
2026-04-23T17:22:32,F4,Fabricate only,640,4,0.0001,30,6,16,0,1,0.062745098,0.0117647059,0.5,20,2.5,3,0,0,0,3,0,1,,,,11.9920662,0,0,0,11.9920662,0,0,0,5.8125,102.0625,1.5,0,40.14602878,0,0.0117647061,,,,,,,,,,,,
2026-04-23T17:22:32,F4,Fabricate only,640,4,0.0001,30,6,16,0,1,0.062745098,0.0117647059,0.5,20,2.5,3,0,0,0,4,0,1,,,,11.61239326,0,0,0,11.61239326,0,0,0,7.3125,137.6875,2,0,40.3239074,0,0.0117647061,,,,,,,,,,,,
2026-04-23T17:22:32,F4,Fabricate only,640,4,0.0001,30,6,16,0,1,0.062745098,0.0117647059,0.5,20,2.5,3,0,0,0,5,0,1,,,,10.97132891,0,0,0,10.97132891,0,0,0,7.4375,144.25,1.875,0,39.58756531,0,0.0117647061,,,,,,,,,,,,
2026-04-23T17:22:32,F4,Fabricate only,640,4,0.0001,30,6,16,0,1,0.062745098,0.0117647059,0.5,20,2.5,3,0,0,0,6,0,1,,,,10.84970123,0,0,0,10.84970123,0,0,0,6.5,144.375,1.9375,0,39.54134301,0,0.0117647061,,,,,,,,,,,,
2026-04-23T17:22:32,F4,Fabricate only,640,4,0.0001,30,6,16,0,1,0.062745098,0.0117647059,0.5,20,2.5,3,0,0,0,7,0,1,,,,10.736435,0,0,0,10.736435,0,0,0,7.0625,154.625,2.0625,0,39.47992018,0,0.0117647061,,,,,,,,,,,,
2026-04-23T17:22:32,F4,Fabricate only,640,4,0.0001,30,6,16,0,1,0.062745098,0.0117647059,0.5,20,2.5,3,0,0,0,8,0,1,,,,10.44806433,0,0,0,10.44806433,0,0,0,7.375,156.9375,1.875,0,39.51020045,0,0.0117647061,,,,,,,,,,,,
2026-04-23T17:22:32,F4,Fabricate only,640,4,0.0001,30,6,16,0,1,0.062745098,0.0117647059,0.5,20,2.5,3,0,0,0,9,0,1,,,,10.44456041,0,0,0,10.44456041,0,0,0,8.1875,181.125,2.125,0,39.88960541,0,0.0117647061,,,,,,,,,,,,
2026-04-23T17:22:32,F4,Fabricate only,640,4,0.0001,30,6,16,0,1,0.062745098,0.0117647059,0.5,20,2.5,3,0,0,0,10,0,1,,,,10.32900435,0,0,0,10.32900435,0,0,0,8.6875,184.3125,1.875,0,39.51962257,0,0.0117647061,,,,,,,,,,,,
2026-04-23T17:22:32,F4,Fabricate only,640,4,0.0001,30,6,16,0,1,0.062745098,0.0117647059,0.5,20,2.5,3,0,0,0,11,0,1,,,,10.25532389,0,0,0,10.25532389,0,0,0,7.875,183.125,1.9375,0,39.6452489,0,0.0117647061,,,,,,,,,,,,
2026-04-23T17:22:32,F4,Fabricate only,640,4,0.0001,30,6,16,0,1,0.062745098,0.0117647059,0.5,20,2.5,3,0,0,0,12,0,1,,,,10.09895974,0,0,0,10.09895974,0,0,0,8.625,197,1.875,0,39.52701196,0,0.0117647061,,,,,,,,,,,,
2026-04-23T17:22:32,F4,Fabricate only,640,4,0.0001,30,6,16,0,1,0.062745098,0.0117647059,0.5,20,2.5,3,0,0,0,13,0,1,,,,10.09895974,1,0,0,10.11681181,0,0,0,8.5625,196.6875,2.0625,0,39.48387517,0,0.0117647061,,,,,,,,,,,,
2026-04-23T17:22:32,F4,Fabricate only,640,4,0.0001,30,6,16,0,1,0.062745098,0.0117647059,0.5,20,2.5,3,0,0,0,14,0,1,,,,9.980218947,0,0,0,9.980218947,0,0,0,9.3125,203.3125,1.9375,0,39.51829727,0,0.0117647061,,,,,,,,,,,,
2026-04-23T17:22:32,F4,Fabricate only,640,4,0.0001,30,6,16,0,1,0.062745098,0.0117647059,0.5,20,2.5,3,0,0,0,15,0,1,,,,9.980218947,1,0,0,10.00520825,0,0,0,8.8125,203.4375,1.9375,0,39.88775934,0,0.0117647061,,,,,,,,,,,,
2026-04-23T17:22:32,F4,Fabricate only,640,4,0.0001,30,6,16,0,1,0.062745098,0.0117647059,0.5,20,2.5,3,0,0,0,16,0,1,,,,9.972160757,0,0,0,9.972160757,0,0,0,9.3125,210.6875,2.125,0,39.50954542,0,0.0117647061,,,,,,,,,,,,
2026-04-23T17:22:32,F4,Fabricate only,640,4,0.0001,30,6,16,0,1,0.062745098,0.0117647059,0.5,20,2.5,3,0,0,0,17,0,1,,,,9.972160757,1,0,0,10.02912831,0,0,0,8.8125,201.8125,2.0625,0,39.51217436,0,0.0117647061,,,,,,,,,,,,
2026-04-23T17:22:32,F4,Fabricate only,640,4,0.0001,30,6,16,0,1,0.062745098,0.0117647059,0.5,20,2.5,3,0,0,0,18,0,1,,,,9.891032934,0,0,0,9.891032934,0,0,0,9.1875,200.375,1.9375,0,39.50981407,0,0.0117647061,,,,,,,,,,,,
2026-04-23T17:22:32,F4,Fabricate only,640,4,0.0001,30,6,16,0,1,0.062745098,0.0117647059,0.5,20,2.5,3,0,0,0,19,0,1,,,,9.806883276,0,0,0,9.806883276,0,0,0,9.125,211.9375,2.125,0,39.5050108,0,0.0117647061,,,,,,,,,,,,
2026-04-23T17:22:32,F4,Fabricate only,640,4,0.0001,30,6,16,0,1,0.062745098,0.0117647059,0.5,20,2.5,3,0,0,0,20,0,1,,,,9.806883276,1,0,0,9.817359984,0,0,0,9.125,210.625,2.25,0,39.50847121,0,0.0117647061,,,,,,,,,,,,
2026-04-23T17:22:32,F4,Fabricate only,640,4,0.0001,30,6,16,0,1,0.062745098,0.0117647059,0.5,20,2.5,3,0,0,0,21,0,1,,,,9.806883276,2,0,0,9.822182477,0,0,0,9.4375,214.375,2.1875,0,39.51619698,0,0.0117647061,,,,,,,,,,,,
2026-04-23T17:22:32,F4,Fabricate only,640,4,0.0001,30,6,16,0,1,0.062745098,0.0117647059,0.5,20,2.5,3,0,0,0,22,0,1,,,,9.750090837,0,0,0,9.750090837,0,0,0,9.8125,215.9375,2.0625,0,39.48641444,0,0.0117647061,,,,,,,,,,,,
2026-04-23T17:22:32,F4,Fabricate only,640,4,0.0001,30,6,16,0,1,0.062745098,0.0117647059,0.5,20,2.5,3,0,0,0,23,0,1,,,,9.750090837,1,0,0,10.00219941,0,0,0,10.125,215.125,1.875,0,39.45642674,0,0.0117647061,,,,,,,,,,,,
2026-04-23T17:22:32,F4,Fabricate only,640,4,0.0001,30,6,16,0,1,0.062745098,0.0117647059,0.5,20,2.5,3,0,0,0,24,0,1,,,,9.750090837,2,0,0,9.922553003,0,0,0,9.875,215.8125,2,0,39.45450123,0,0.0117647061,,,,,,,,,,,,
2026-04-23T17:22:32,F4,Fabricate only,640,4,0.0001,30,6,16,0,1,0.062745098,0.0117647059,0.5,20,2.5,3,0,0,0,25,0,1,,,,9.750090837,3,0,0,9.805672646,0,0,0,9.6875,216.125,2.25,0,39.48777882,0,0.0117647061,,,,,,,,,,,,
2026-04-23T17:22:32,F4,Fabricate only,640,4,0.0001,30,6,16,0,1,0.062745098,0.0117647059,0.5,20,2.5,3,0,0,0,26,0,1,,,,9.734418452,0,0,0,9.734418452,0,0,0,10,218.625,2.125,0,39.48821146,0,0.0117647061,,,,,,,,,,,,
2026-04-23T17:22:32,F4,Fabricate only,640,4,0.0001,30,6,16,0,1,0.062745098,0.0117647059,0.5,20,2.5,3,0,0,0,27,0,1,,,,9.697519243,0,0,0,9.697519243,0,0,0,10.1875,221.125,2.0625,0,39.48494343,0,0.0117647061,,,,,,,,,,,,
2026-04-23T17:22:32,F4,Fabricate only,640,4,0.0001,30,6,16,0,1,0.062745098,0.0117647059,0.5,20,2.5,3,0,0,0,28,0,1,,,,9.63056013,0,0,0,9.63056013,0,0,0,10.3125,226.1875,1.875,0,39.51364252,0,0.0117647061,,,,,,,,,,,,
2026-04-23T17:22:32,F4,Fabricate only,640,4,0.0001,30,6,16,0,1,0.062745098,0.0117647059,0.5,20,2.5,3,0,0,0,29,0,1,,,,9.63056013,1,0,0,10.35134721,0,0,0,9.6875,217.4375,2.25,0,40.1102316,0,0.0117647061,,,,,,,,,,,,
2026-04-23T17:22:32,F4,Fabricate only,640,4,0.0001,30,6,16,0,1,0.062745098,0.0117647059,0.5,20,2.5,3,0,0,0,30,0,1,,,,9.63056013,2,0,0,9.680192053,0,0,0,10.1875,226.0625,1.9375,0,39.90663796,0,0.0117647061,,,,,,,,,,,,
2026-04-24T00:25:19,F5,Fabricate only,640,4,0.0001,30,6,16,0,1,0.06274509803921569,0.011764705882352941,0.5,20.0,2.5,4.0,0.0,0.0,0.0,1,0,1,,,,16.26091080904007,0,0,0.0,16.26091080904007,0.0,0.0,0.0,4.0,3.0,0.6875,0.0,39.95188257235558,0.0,0.0117647061124444,,,,,,,,,,,,
2026-04-24T00:25:19,F5,Fabricate only,640,4,0.0001,30,6,16,0,1,0.06274509803921569,0.011764705882352941,0.5,20.0,2.5,4.0,0.0,0.0,0.0,2,0,1,,,,12.369238138198853,0,0,0.0,12.369238138198853,0.0,0.0,0.0,6.125,99.875,1.9375,0.0,40.40481057186447,0.0,0.0117647061124444,,,,,,,,,,,,
2026-04-24T00:25:19,F5,Fabricate only,640,4,0.0001,30,6,16,0,1,0.06274509803921569,0.011764705882352941,0.5,20.0,2.5,4.0,0.0,0.0,0.0,3,0,1,,,,11.61202758550644,0,0,0.0,11.61202758550644,0.0,0.0,0.0,6.5,123.125,1.5625,0.0,40.18686511258559,0.0,0.0117647061124444,,,,,,,,,,,,
2026-04-24T00:25:19,F5,Fabricate only,640,4,0.0001,30,6,16,0,1,0.06274509803921569,0.011764705882352941,0.5,20.0,2.5,4.0,0.0,0.0,0.0,4,0,1,,,,11.531895875930786,0,0,0.0,11.531895875930786,0.0,0.0,0.0,8.0625,135.5625,1.6875,0.0,40.25916189166815,0.0,0.0117647061124444,,,,,,,,,,,,
2026-04-24T00:25:19,F5,Fabricate only,640,4,0.0001,30,6,16,0,1,0.06274509803921569,0.011764705882352941,0.5,20.0,2.5,4.0,0.0,0.0,0.0,5,0,1,,,,11.104035258293152,0,0,0.0,11.104035258293152,0.0,0.0,0.0,7.8125,160.25,1.6875,0.0,40.161592659205546,0.0,0.0117647061124444,,,,,,,,,,,,
2026-04-24T00:25:19,F5,Fabricate only,640,4,0.0001,30,6,16,0,1,0.06274509803921569,0.011764705882352941,0.5,20.0,2.5,4.0,0.0,0.0,0.0,6,0,1,,,,10.99554306268692,0,0,0.0,10.99554306268692,0.0,0.0,0.0,8.375,163.8125,1.4375,0.0,40.19808309734207,0.0,0.0117647061124444,,,,,,,,,,,,
2026-04-24T00:25:19,F5,Fabricate only,640,4,0.0001,30,6,16,0,1,0.06274509803921569,0.011764705882352941,0.5,20.0,2.5,4.0,0.0,0.0,0.0,7,0,1,,,,10.829055845737457,0,0,0.0,10.829055845737457,0.0,0.0,0.0,7.8125,170.5,2.25,0.0,40.161142150540584,0.0,0.0117647061124444,,,,,,,,,,,,
2026-04-24T00:25:19,F5,Fabricate only,640,4,0.0001,30,6,16,0,1,0.06274509803921569,0.011764705882352941,0.5,20.0,2.5,4.0,0.0,0.0,0.0,8,0,1,,,,10.735914170742035,0,0,0.0,10.735914170742035,0.0,0.0,0.0,9.4375,185.0,2.0625,0.0,40.15780062970235,0.0,0.0117647061124444,,,,,,,,,,,,
2026-04-24T00:25:19,F5,Fabricate only,640,4,0.0001,30,6,16,0,1,0.06274509803921569,0.011764705882352941,0.5,20.0,2.5,4.0,0.0,0.0,0.0,9,0,1,,,,10.425270915031433,0,0,0.0,10.425270915031433,0.0,0.0,0.0,9.5625,198.1875,2.3125,0.0,39.883966104260686,0.0,0.0117647061124444,,,,,,,,,,,,
2026-04-24T00:25:19,F5,Fabricate only,640,4,0.0001,30,6,16,0,1,0.06274509803921569,0.011764705882352941,0.5,20.0,2.5,4.0,0.0,0.0,0.0,10,0,1,,,,10.322425782680511,0,0,0.0,10.322425782680511,0.0,0.0,0.0,8.75,183.8125,2.125,0.0,39.88979087119725,0.0,0.0117647061124444,,,,,,,,,,,,
2026-04-24T00:25:19,F5,Fabricate only,640,4,0.0001,30,6,16,0,1,0.06274509803921569,0.011764705882352941,0.5,20.0,2.5,4.0,0.0,0.0,0.0,11,0,1,,,,10.322425782680511,1,0,0.0,10.410580277442932,0.0,0.0,0.0,8.375,182.5,2.375,0.0,40.49613181732776,0.0,0.0117647061124444,,,,,,,,,,,,
2026-04-24T00:25:19,F5,Fabricate only,640,4,0.0001,30,6,16,0,1,0.06274509803921569,0.011764705882352941,0.5,20.0,2.5,4.0,0.0,0.0,0.0,12,0,1,,,,10.106404483318329,0,0,0.0,10.106404483318329,0.0,0.0,0.0,9.0625,201.5625,2.0625,0.0,39.91960255222962,0.0,0.0117647061124444,,,,,,,,,,,,
2026-04-24T00:25:19,F5,Fabricate only,640,4,0.0001,30,6,16,0,1,0.06274509803921569,0.011764705882352941,0.5,20.0,2.5,4.0,0.0,0.0,0.0,13,0,1,,,,10.106404483318329,1,0,0.0,10.183936297893524,0.0,0.0,0.0,9.125,197.1875,2.3125,0.0,39.807038042397096,0.0,0.0117647061124444,,,,,,,,,,,,
2026-04-24T00:25:19,F5,Fabricate only,640,4,0.0001,30,6,16,0,1,0.06274509803921569,0.011764705882352941,0.5,20.0,2.5,4.0,0.0,0.0,0.0,14,0,1,,,,10.106404483318329,2,0,0.0,10.271626889705658,0.0,0.0,0.0,9.5,197.125,2.125,0.0,40.18471829097999,0.0,0.0117647061124444,,,,,,,,,,,,
2026-04-24T00:25:19,F5,Fabricate only,640,4,0.0001,30,6,16,0,1,0.06274509803921569,0.011764705882352941,0.5,20.0,2.5,4.0,0.0,0.0,0.0,15,0,1,,,,10.075484335422516,0,0,0.0,10.075484335422516,0.0,0.0,0.0,9.875,193.25,2.3125,0.0,39.63170148060925,0.0,0.0117647061124444,,,,,,,,,,,,
2026-04-24T00:25:19,F5,Fabricate only,640,4,0.0001,30,6,16,0,1,0.06274509803921569,0.011764705882352941,0.5,20.0,2.5,4.0,0.0,0.0,0.0,16,0,1,,,,9.925935685634613,0,0,0.0,9.925935685634613,0.0,0.0,0.0,9.5,202.1875,2.375,0.0,39.80205516141765,0.0,0.0117647061124444,,,,,,,,,,,,
2026-04-24T00:25:19,F5,Fabricate only,640,4,0.0001,30,6,16,0,1,0.06274509803921569,0.011764705882352941,0.5,20.0,2.5,4.0,0.0,0.0,0.0,17,0,1,,,,9.925935685634613,1,0,0.0,10.038262724876404,0.0,0.0,0.0,9.625,202.75,2.25,0.0,40.10532633634401,0.0,0.0117647061124444,,,,,,,,,,,,
2026-04-24T00:25:19,F5,Fabricate only,640,4,0.0001,30,6,16,0,1,0.06274509803921569,0.011764705882352941,0.5,20.0,2.5,4.0,0.0,0.0,0.0,18,0,1,,,,9.925935685634613,2,0,0.0,10.106354773044586,0.0,0.0,0.0,10.125,208.75,2.1875,0.0,40.06552573374266,0.0,0.0117647061124444,,,,,,,,,,,,
2026-04-24T00:25:19,F5,Fabricate only,640,4,0.0001,30,6,16,0,1,0.06274509803921569,0.011764705882352941,0.5,20.0,2.5,4.0,0.0,0.0,0.0,19,0,1,,,,9.925935685634613,3,0,0.0,10.076502025127411,0.0,0.0,0.0,10.25,201.1875,2.125,0.0,39.937960592535816,0.0,0.0117647061124444,,,,,,,,,,,,
2026-04-24T00:25:19,F5,Fabricate only,640,4,0.0001,30,6,16,0,1,0.06274509803921569,0.011764705882352941,0.5,20.0,2.5,4.0,0.0,0.0,0.0,20,0,1,,,,9.811196327209473,0,0,0.0,9.811196327209473,0.0,0.0,0.0,9.9375,211.8125,2.375,0.0,39.811946574410676,0.0,0.0117647061124444,,,,,,,,,,,,
2026-04-24T00:25:19,F5,Fabricate only,640,4,0.0001,30,6,16,0,1,0.06274509803921569,0.011764705882352941,0.5,20.0,2.5,4.0,0.0,0.0,0.0,21,0,1,,,,9.811196327209473,1,0,0.0,9.844631552696228,0.0,0.0,0.0,10.4375,205.375,2.0625,0.0,39.960503424564635,0.0,0.0117647061124444,,,,,,,,,,,,
2026-04-24T00:25:19,F5,Fabricate only,640,4,0.0001,30,6,16,0,1,0.06274509803921569,0.011764705882352941,0.5,20.0,2.5,4.0,0.0,0.0,0.0,22,0,1,,,,9.811196327209473,2,0,0.0,9.857394993305206,0.0,0.0,0.0,10.3125,212.25,2.375,0.0,39.894749655897606,0.0,0.0117647061124444,,,,,,,,,,,,
2026-04-24T00:25:19,F5,Fabricate only,640,4,0.0001,30,6,16,0,1,0.06274509803921569,0.011764705882352941,0.5,20.0,2.5,4.0,0.0,0.0,0.0,23,0,1,,,,9.811196327209473,3,0,0.0,9.815131664276123,0.0,0.0,0.0,9.9375,206.0625,2.1875,0.0,39.83852683192744,0.0,0.0117647061124444,,,,,,,,,,,,
2026-04-24T00:25:19,F5,Fabricate only,640,4,0.0001,30,6,16,0,1,0.06274509803921569,0.011764705882352941,0.5,20.0,2.5,4.0,0.0,0.0,0.0,24,0,1,,,,9.780451595783234,0,0,0.0,9.780451595783234,0.0,0.0,0.0,10.0625,214.4375,2.125,0.0,40.15851214835043,0.0,0.0117647061124444,,,,,,,,,,,,
2026-04-24T00:25:19,F5,Fabricate only,640,4,0.0001,30,6,16,0,1,0.06274509803921569,0.011764705882352941,0.5,20.0,2.5,4.0,0.0,0.0,0.0,25,0,1,,,,9.669201880693436,0,0,0.0,9.669201880693436,0.0,0.0,0.0,10.5625,215.0,2.1875,0.0,39.4729698609667,0.0,0.0117647061124444,,,,,,,,,,,,
2026-04-24T00:25:19,F5,Fabricate only,640,4,0.0001,30,6,16,0,1,0.06274509803921569,0.011764705882352941,0.5,20.0,2.5,4.0,0.0,0.0,0.0,26,0,1,,,,9.669201880693436,1,0,0.0,9.693870604038239,0.0,0.0,0.0,10.75,215.8125,2.125,0.0,39.76758641930213,0.0,0.0117647061124444,,,,,,,,,,,,
2026-04-24T00:25:19,F5,Fabricate only,640,4,0.0001,30,6,16,0,1,0.06274509803921569,0.011764705882352941,0.5,20.0,2.5,4.0,0.0,0.0,0.0,27,0,1,,,,9.669201880693436,2,0,0.0,9.685870110988617,0.0,0.0,0.0,10.5,213.125,2.0625,0.0,40.00845079411833,0.0,0.0117647061124444,,,,,,,,,,,,
2026-04-24T00:25:19,F5,Fabricate only,640,4,0.0001,30,6,16,0,1,0.06274509803921569,0.011764705882352941,0.5,20.0,2.5,4.0,0.0,0.0,0.0,28,0,1,,,,9.649337261915207,0,0,0.0,9.649337261915207,0.0,0.0,0.0,10.8125,217.5,2.125,0.0,39.987749339309936,0.0,0.0117647061124444,,,,,,,,,,,,
2026-04-24T00:25:19,F5,Fabricate only,640,4,0.0001,30,6,16,0,1,0.06274509803921569,0.011764705882352941,0.5,20.0,2.5,4.0,0.0,0.0,0.0,29,0,1,,,,9.649337261915207,1,0,0.0,10.895697474479675,0.0,0.0,0.0,9.5,201.0625,2.0625,0.0,40.39149973291235,0.0,0.0117647061124444,,,,,,,,,,,,
2026-04-24T00:25:19,F5,Fabricate only,640,4,0.0001,30,6,16,0,1,0.06274509803921569,0.011764705882352941,0.5,20.0,2.5,4.0,0.0,0.0,0.0,30,0,1,,,,9.577124804258347,0,0,0.0,9.577124804258347,0.0,0.0,0.0,11.6875,218.75,2.0625,0.0,39.67348072936409,0.0,0.0117647061124444,,,,,,,,,,,,
2026-04-25T20:25:39,VHRV_V,Vanish only,640,4,0.0001,20,4,16,8,1,0.06274509803921569,0.01568627450980392,0.5,15.0,1.5,3.0,0.0,0.0,0.0,1,1,0,0.22783775394782424,0,0,,,,0.22783775394782424,0.0,0.6875,0.0625,0.0,0.0,0.0,0.0,43.45753041942496,0.0,0.06274465378373861,0.0,,,2,1,inf,0.9969913549721241,0.0,nan,nan,0.0700357937500371,0.029900056249971385,0.0
2026-04-25T20:33:49,VHRV_V,Vanish only,640,4,0.0001,20,4,16,8,1,0.06274509803921569,0.01568627450980392,0.5,15.0,1.5,3.0,0.0,0.0,0.0,1,1,0,0.22376497276127338,0,0,,,,0.22376497276127338,0.0,0.75,0.0625,0.0,0.0,0.0,0.0,42.86552545543238,0.0,0.06273621646687388,0.0,,,2,1,inf,0.9961849711835384,0.0,0.0068377848219824955,nan,0.04704917500009742,0.022544656250147455,0.0
2026-04-25T20:33:49,VHRV_V,Vanish only,640,4,0.0001,20,4,16,8,1,0.06274509803921569,0.01568627450980392,0.5,15.0,1.5,3.0,0.0,0.0,0.0,2,1,0,0.20836054626852274,0,0,,,,0.20836054626852274,0.0,0.875,0.0625,0.0,0.0,0.0,0.0,42.08404627268305,0.0,0.0627450910396874,0.0,,,2,1,inf,0.9952716641128063,0.0,0.00925980560714379,nan,0.02521204374994568,0.023498481250101122,0.0
2026-04-25T20:33:49,VHRV_V,Vanish only,640,4,0.0001,20,4,16,8,1,0.06274509803921569,0.01568627450980392,0.5,15.0,1.5,3.0,0.0,0.0,0.0,3,1,0,0.19965197099372745,0,0,,,,0.19965197099372745,0.0,0.875,0.0625,0.0,0.0,0.0,0.0,42.006456455957355,0.0,0.06274510128423572,0.0,,,2,1,inf,0.9951413460075855,0.0,0.009841022518230602,nan,0.02596821874988109,0.024988331249915063,0.0
2026-04-25T20:33:49,VHRV_V,Vanish only,640,4,0.0001,20,4,16,8,1,0.06274509803921569,0.01568627450980392,0.5,15.0,1.5,3.0,0.0,0.0,0.0,4,1,0,0.19516671309247613,0,0,,,,0.19516671309247613,0.0,0.875,0.0625,0.0,0.0,0.0,0.0,41.72425884671166,0.0,0.062745101749897,0.0,,,2,1,inf,0.9947801195085049,0.0,0.009925577352987602,nan,0.029811037499882787,0.02521319374994846,0.0
2026-04-25T20:33:49,VHRV_V,Vanish only,640,4,0.0001,20,4,16,8,1,0.06274509803921569,0.01568627450980392,0.5,15.0,1.5,3.0,0.0,0.0,0.0,5,1,0,0.19228512700647116,0,0,,,,0.19228512700647116,0.0,0.875,0.0625,0.0,0.0,0.0,0.0,41.499342805599305,0.0,0.062745101749897,0.0,,,2,1,inf,0.9945016913115978,0.0,0.009970856714062393,nan,0.029801299999860476,0.026731887499920504,0.0
2026-04-25T20:33:49,VHRV_V,Vanish only,640,4,0.0001,20,4,16,8,1,0.06274509803921569,0.01568627450980392,0.5,15.0,1.5,3.0,0.0,0.0,0.0,6,1,0,0.19116278225556016,0,0,,,,0.19116278225556016,0.0,0.875,0.0625,0.0,0.0,0.0,0.0,41.68454310748369,0.0,0.06274510128423572,0.0,,,2,1,inf,0.994751688092947,0.0,0.009709949546959251,nan,0.02709435625001788,0.025330206250146148,0.0
2026-04-25T20:33:49,VHRV_V,Vanish only,640,4,0.0001,20,4,16,8,1,0.06274509803921569,0.01568627450980392,0.5,15.0,1.5,3.0,0.0,0.0,0.0,7,1,0,0.18349741538986564,0,0,,,,0.18349741538986564,0.0,0.9375,0.0625,0.0,0.0,0.0,0.0,41.64730539990329,0.0,0.062745101749897,0.0,,,2,1,inf,0.9945876486599445,0.0,0.010040622466476634,nan,0.029711362499824645,0.030300712499979454,0.0
2026-04-25T20:33:49,VHRV_V,Vanish only,640,4,0.0001,20,4,16,8,1,0.06274509803921569,0.01568627450980392,0.5,15.0,1.5,3.0,0.0,0.0,0.0,8,1,0,0.17868423042818904,0,0,,,,0.17868423042818904,0.0,0.9375,0.0625,0.0,0.0,0.0,0.0,42.0056604065432,0.0,0.062745101749897,0.0,,,2,1,inf,0.9947487004101276,0.0,0.010182738944422454,nan,0.026495350000061535,0.02367361875002416,0.0
2026-04-25T20:33:49,VHRV_V,Vanish only,640,4,0.0001,20,4,16,8,1,0.06274509803921569,0.01568627450980392,0.5,15.0,1.5,3.0,0.0,0.0,0.0,9,1,0,0.1671903752721846,0,0,,,,0.1671903752721846,0.0,1.0,0.0625,0.0,0.0,0.0,0.0,41.7232016438298,0.0,0.062745101749897,0.0,,,2,1,inf,0.9936724826693535,0.0,0.013487743155565113,nan,0.03123674374995744,0.02383200000014085,0.0
2026-04-25T20:33:49,VHRV_V,Vanish only,640,4,0.0001,20,4,16,8,1,0.06274509803921569,0.01568627450980392,0.5,15.0,1.5,3.0,0.0,0.0,0.0,10,1,0,0.1624588726554066,0,0,,,,0.1624588726554066,0.0,1.0625,0.0625,0.0,0.0,0.0,0.0,41.51679469825058,0.0,0.062745101749897,0.0,,,2,1,inf,0.9932623244822025,0.0,0.01372220937628299,nan,0.03035901250001416,0.030619693749997623,0.0
2026-04-25T20:33:49,VHRV_V,Vanish only,640,4,0.0001,20,4,16,8,1,0.06274509803921569,0.01568627450980392,0.5,15.0,1.5,3.0,0.0,0.0,0.0,11,1,0,0.15954611403867602,0,0,,,,0.15954611403867602,0.0,1.1875,0.0625,0.0,0.0,0.0,0.0,41.421609675537304,0.0,0.062745101749897,0.0,,,2,1,inf,0.9931294806301594,0.0,0.014383017958607525,nan,0.0279709812500073,0.025397450000070876,0.0
2026-04-25T20:33:49,VHRV_V,Vanish only,640,4,0.0001,20,4,16,8,1,0.06274509803921569,0.01568627450980392,0.5,15.0,1.5,3.0,0.0,0.0,0.0,12,1,0,0.15716845844872296,0,0,,,,0.15716845844872296,0.0,1.25,0.0625,0.0,0.0,0.0,0.0,41.47339710290721,0.0,0.062745101749897,0.0,,,2,1,inf,0.9933194927871227,0.0,0.01439218400628306,nan,0.03707569999983207,0.04295352499985938,0.0
2026-04-25T20:33:49,VHRV_V,Vanish only,640,4,0.0001,20,4,16,8,1,0.06274509803921569,0.01568627450980392,0.5,15.0,1.5,3.0,0.0,0.0,0.0,13,1,0,0.15617846534587443,0,0,,,,0.15617846534587443,0.0,1.1875,0.0625,0.0,0.0,0.0,0.0,41.716575032680495,0.0,0.062745101749897,0.0,,,2,1,inf,0.993429820984602,0.0,0.014651548117399216,nan,0.02995112499991137,0.024568775000091136,0.0
2026-04-25T20:33:49,VHRV_V,Vanish only,640,4,0.0001,20,4,16,8,1,0.06274509803921569,0.01568627450980392,0.5,15.0,1.5,3.0,0.0,0.0,0.0,14,1,0,0.15160683379508555,0,0,,,,0.15160683379508555,0.0,1.25,0.0625,0.0,0.0,0.0,0.0,41.58770832783448,0.0,0.062745101749897,0.0,,,2,1,inf,0.9929808937013149,0.0,0.01586843782570213,nan,0.028944643750037358,0.023380181250104215,0.0
2026-04-25T20:33:49,VHRV_V,Vanish only,640,4,0.0001,20,4,16,8,1,0.06274509803921569,0.01568627450980392,0.5,15.0,1.5,3.0,0.0,0.0,0.0,15,1,0,0.15160683379508555,1,0,,,,0.1520129784476012,0.0,1.375,0.0625,0.0,0.0,0.0,0.0,41.212669232140414,0.0,0.062745101749897,0.0,,,2,1,inf,0.9928243830800056,0.0,0.014875144814141095,nan,0.025274850000016613,0.025204275000021426,0.0
2026-04-25T20:33:49,VHRV_V,Vanish only,640,4,0.0001,20,4,16,8,1,0.06274509803921569,0.01568627450980392,0.5,15.0,1.5,3.0,0.0,0.0,0.0,16,1,0,0.14821573696099222,0,0,,,,0.14821573696099222,0.0,1.3125,0.0625,0.0,0.0,0.0,0.0,41.26073805526238,0.0,0.062745101749897,0.0,,,2,1,inf,0.9925913438200951,0.0,0.015845136309508234,nan,0.025839431249892186,0.02326079375018253,0.0
2026-04-25T20:33:49,VHRV_V,Vanish only,640,4,0.0001,20,4,16,8,1,0.06274509803921569,0.01568627450980392,0.5,15.0,1.5,3.0,0.0,0.0,0.0,17,1,0,0.1435103069525212,0,0,,,,0.1435103069525212,0.0,1.375,0.0625,0.0,0.0,0.0,0.0,41.1759286838627,0.0,0.062745101749897,0.0,,,2,1,inf,0.9925024397671223,0.0,0.015418428054545075,nan,0.027507949999858283,0.022821156250074637,0.0
2026-04-25T20:33:49,VHRV_V,Vanish only,640,4,0.0001,20,4,16,8,1,0.06274509803921569,0.01568627450980392,0.5,15.0,1.5,3.0,0.0,0.0,0.0,18,1,0,0.1420370121486485,0,0,,,,0.1420370121486485,0.0,1.4375,0.0625,0.0,0.0,0.0,0.0,41.12312000461248,0.0,0.062745101749897,0.0,,,2,1,inf,0.992272824048996,0.0,0.01588469953276217,nan,0.025370918749786142,0.023273125000173422,0.0
2026-04-25T20:33:49,VHRV_V,Vanish only,640,4,0.0001,20,4,16,8,1,0.06274509803921569,0.01568627450980392,0.5,15.0,1.5,3.0,0.0,0.0,0.0,19,1,0,0.13934329972835258,0,0,,,,0.13934329972835258,0.0,1.4375,0.0625,0.0,0.0,0.0,0.0,41.21618635088302,0.0,0.062745101749897,0.0,,,2,1,inf,0.9922826215624809,0.0,0.016134299425175413,nan,0.028317825000158336,0.024988456250184754,0.0
2026-04-25T20:33:49,VHRV_V,Vanish only,640,4,0.0001,20,4,16,8,1,0.06274509803921569,0.01568627450980392,0.5,15.0,1.5,3.0,0.0,0.0,0.0,20,1,0,0.13446061746799387,0,0,,,,0.13446061746799387,0.0,1.4375,0.0625,0.0,0.0,0.0,0.0,41.190751969412986,0.0,0.062745101749897,0.0,,,2,1,inf,0.9923239387571812,0.0,0.016026628843974322,nan,0.028071625000052336,0.024365806249988964,0.0
2026-04-25T22:16:18,VHRV_F,Fabricate only,640,4,0.0001,20,4,16,8,1,0.06274509803921569,0.01568627450980392,0.5,15.0,1.5,3.0,0.0,0.0,0.0,1,0,1,,,,24.463515639305115,0,0,0.0,24.463515639305115,0.0,0.0,0.0,0.0,0.0,0.0,0.0,37.34012387759266,0.0,0.01568627543747425,,,2,1,inf,0.0,0.9475364051759243,nan,0.06499426835216582,0.052956674999791176,0.0,0.02504282500001409
2026-04-25T22:16:18,VHRV_F,Fabricate only,640,4,0.0001,20,4,16,8,1,0.06274509803921569,0.01568627450980392,0.5,15.0,1.5,3.0,0.0,0.0,0.0,2,0,1,,,,23.15732502937317,0,0,0.0,23.15732502937317,0.0,0.0,0.0,0.0625,0.0625,0.0,0.0,38.12524163742673,0.0,0.01568627543747425,,,2,1,inf,0.0,0.9404909871518612,nan,0.06641240464523435,0.024972106249720127,0.0,0.02408690624997689
2026-04-25T22:16:18,VHRV_F,Fabricate only,640,4,0.0001,20,4,16,8,1,0.06274509803921569,0.01568627450980392,0.5,15.0,1.5,3.0,0.0,0.0,0.0,3,0,1,,,,22.306604266166687,0,0,0.0,22.306604266166687,0.0,0.0,0.0,0.125,0.0625,0.0,0.0,38.048250638845005,0.0,0.01568627543747425,,,2,1,inf,0.0,0.9367749318480492,nan,0.10712080472148955,0.025822606250130775,0.0,0.024525781250190448
2026-04-25T22:16:18,VHRV_F,Fabricate only,640,4,0.0001,20,4,16,8,1,0.06274509803921569,0.01568627450980392,0.5,15.0,1.5,3.0,0.0,0.0,0.0,4,0,1,,,,21.678519248962402,0,0,0.0,21.678519248962402,0.0,0.0,0.0,0.1875,0.0625,0.0,0.0,39.27926811862354,0.0,0.01568627543747425,,,2,1,inf,0.0,0.9510297738015652,nan,0.11096369940787554,0.026967962499838904,0.0,0.023741062499766485
2026-04-25T22:16:18,VHRV_F,Fabricate only,640,4,0.0001,20,4,16,8,1,0.06274509803921569,0.01568627450980392,0.5,15.0,1.5,3.0,0.0,0.0,0.0,5,0,1,,,,16.860756933689117,0,0,0.0,16.860756933689117,0.0,0.0,0.0,0.0625,76.25,0.0,0.0,38.36431785916101,0.0,0.01568627543747425,,,2,1,inf,0.0,0.9410793483257294,nan,0.13001026073470712,0.028050193750118524,0.0,0.025042225000220242
2026-04-25T22:16:18,VHRV_F,Fabricate only,640,4,0.0001,20,4,16,8,1,0.06274509803921569,0.01568627450980392,0.5,15.0,1.5,3.0,0.0,0.0,0.0,6,0,1,,,,14.89882493019104,0,0,0.0,14.89882493019104,0.0,0.0,0.0,0.1875,205.375,0.0,0.0,37.702675544273156,0.0,0.01568627543747425,,,2,1,inf,0.0,0.9293373450636864,nan,0.14207485131919384,0.026756200000022545,0.0,0.024058818750063438
2026-04-25T22:16:18,VHRV_F,Fabricate only,640,4,0.0001,20,4,16,8,1,0.06274509803921569,0.01568627450980392,0.5,15.0,1.5,3.0,0.0,0.0,0.0,7,0,1,,,,14.165716707706451,0,0,0.0,14.165716707706451,0.0,0.0,0.0,0.25,257.5625,0.0,0.0,38.49033604961681,0.0,0.01568627543747425,,,2,1,inf,0.0,0.9315002784132957,nan,0.13001304399222136,0.026476937499978703,0.0,0.024214743750235357
2026-04-25T22:16:18,VHRV_F,Fabricate only,640,4,0.0001,20,4,16,8,1,0.06274509803921569,0.01568627450980392,0.5,15.0,1.5,3.0,0.0,0.0,0.0,8,0,1,,,,13.732679545879364,0,0,0.0,13.732679545879364,0.0,0.0,0.0,0.3125,276.0625,0.0,0.0,37.62149068841475,0.0,0.01568627543747425,,,2,1,inf,0.0,0.9252402074635029,nan,0.1436385503038764,0.02525838750011644,0.0,0.0252463374998797
2026-04-25T22:16:18,VHRV_F,Fabricate only,640,4,0.0001,20,4,16,8,1,0.06274509803921569,0.01568627450980392,0.5,15.0,1.5,3.0,0.0,0.0,0.0,9,0,1,,,,13.26882916688919,0,0,0.0,13.26882916688919,0.0,0.0,0.0,0.3125,286.875,0.0,0.0,37.719129750314906,0.0,0.01568627543747425,,,2,1,inf,0.0,0.9282204434275627,nan,0.13809944782406092,0.026326843749870932,0.0,0.024827281249940825
2026-04-25T22:16:18,VHRV_F,Fabricate only,640,4,0.0001,20,4,16,8,1,0.06274509803921569,0.01568627450980392,0.5,15.0,1.5,3.0,0.0,0.0,0.0,10,0,1,,,,13.035974323749542,0,0,0.0,13.035974323749542,0.0,0.0,0.0,0.375,287.75,0.0,0.0,37.793052006049045,0.0,0.01568627543747425,,,2,1,inf,0.0,0.925525788217783,nan,0.13598513370379806,0.026087587499660003,0.0,0.023850393750308285
2026-04-25T22:16:18,VHRV_F,Fabricate only,640,4,0.0001,20,4,16,8,1,0.06274509803921569,0.01568627450980392,0.5,15.0,1.5,3.0,0.0,0.0,0.0,11,0,1,,,,12.903800249099731,0,0,0.0,12.903800249099731,0.0,0.0,0.0,0.375,290.625,0.0,0.0,37.67989735801916,0.0,0.01568627543747425,,,2,1,inf,0.0,0.9266106337308884,nan,0.13265808671712875,0.02651830624995455,0.0,0.02526896250003574
2026-04-25T22:16:18,VHRV_F,Fabricate only,640,4,0.0001,20,4,16,8,1,0.06274509803921569,0.01568627450980392,0.5,15.0,1.5,3.0,0.0,0.0,0.0,12,0,1,,,,12.826371729373932,0,0,0.0,12.826371729373932,0.0,0.0,0.0,0.3125,290.5,0.0,0.0,37.51343738811952,0.0,0.01568627543747425,,,2,1,inf,0.0,0.9238020740449429,nan,0.13323873048648238,0.026238137500172343,0.0,0.02428820000000087
2026-04-25T22:16:18,VHRV_F,Fabricate only,640,4,0.0001,20,4,16,8,1,0.06274509803921569,0.01568627450980392,0.5,15.0,1.5,3.0,0.0,0.0,0.0,13,0,1,,,,12.59333747625351,0,0,0.0,12.59333747625351,0.0,0.0,0.0,0.375,292.0625,0.0,0.0,37.39735821306096,0.0,0.01568627543747425,,,2,1,inf,0.0,0.9232688769698143,nan,0.13099169405177236,0.026994156249998014,0.0,0.024093518750078147
2026-04-25T22:16:18,VHRV_F,Fabricate only,640,4,0.0001,20,4,16,8,1,0.06274509803921569,0.01568627450980392,0.5,15.0,1.5,3.0,0.0,0.0,0.0,14,0,1,,,,12.59333747625351,1,0,0.0,12.937981486320496,0.0,0.0,0.0,0.375,293.0625,0.0,0.0,38.34228634173719,0.0,0.01568627543747425,,,2,1,inf,0.0,0.9234388396143913,nan,0.1519293114542961,0.024592874999825654,0.0,0.024117781249856307
2026-04-25T22:16:18,VHRV_F,Fabricate only,640,4,0.0001,20,4,16,8,1,0.06274509803921569,0.01568627450980392,0.5,15.0,1.5,3.0,0.0,0.0,0.0,15,0,1,,,,12.462816417217255,0,0,0.0,12.462816417217255,0.0,0.0,0.0,0.4375,293.5,0.0,0.0,37.009385533938485,0.0,0.01568627543747425,,,2,1,inf,0.0,0.9190135486423969,nan,0.14367043739184737,0.029394937500001106,0.0,0.02476598124985685
2026-04-25T22:16:18,VHRV_F,Fabricate only,640,4,0.0001,20,4,16,8,1,0.06274509803921569,0.01568627450980392,0.5,15.0,1.5,3.0,0.0,0.0,0.0,16,0,1,,,,12.418015718460083,0,0,0.0,12.418015718460083,0.0,0.0,0.0,0.5,294.9375,0.0,0.0,37.65029881368138,0.0,0.01568627543747425,,,2,1,inf,0.0,0.9237666353583336,nan,0.14674290968105197,0.029419893749604853,0.0,0.026308843749916377
2026-04-25T22:16:18,VHRV_F,Fabricate only,640,4,0.0001,20,4,16,8,1,0.06274509803921569,0.01568627450980392,0.5,15.0,1.5,3.0,0.0,0.0,0.0,17,0,1,,,,12.388106524944305,0,0,0.0,12.388106524944305,0.0,0.0,0.0,0.5,293.25,0.0,0.0,38.02692681041398,0.0,0.01568627543747425,,,2,1,inf,0.0,0.9220056794583797,nan,0.14331439975649118,0.02700672499997836,0.0,0.023600331250122508
2026-04-25T22:16:18,VHRV_F,Fabricate only,640,4,0.0001,20,4,16,8,1,0.06274509803921569,0.01568627450980392,0.5,15.0,1.5,3.0,0.0,0.0,0.0,18,0,1,,,,12.291155338287354,0,0,0.0,12.291155338287354,0.0,0.0,0.0,0.5,295.375,0.0,0.0,37.523300324133245,0.0,0.01568627543747425,,,2,1,inf,0.0,0.9224045313894749,nan,0.14185890648514032,0.02858468124952651,0.0,0.025594775000286063
2026-04-25T22:16:18,VHRV_F,Fabricate only,640,4,0.0001,20,4,16,8,1,0.06274509803921569,0.01568627450980392,0.5,15.0,1.5,3.0,0.0,0.0,0.0,19,0,1,,,,12.225381135940552,0,0,0.0,12.225381135940552,0.0,0.0,0.0,0.4375,294.875,0.0,0.0,37.53114494493485,0.0,0.01568627543747425,,,2,1,inf,0.0,0.922916978597641,nan,0.14391696406528354,0.025098993749907095,0.0,0.025162587500062727
2026-04-25T22:16:18,VHRV_F,Fabricate only,640,4,0.0001,20,4,16,8,1,0.06274509803921569,0.01568627450980392,0.5,15.0,1.5,3.0,0.0,0.0,0.0,20,0,1,,,,12.079877495765686,0,0,0.0,12.079877495765686,0.0,0.0,0.0,0.5,295.75,0.0,0.0,37.40697049696955,0.0,0.01568627543747425,,,2,1,inf,0.0,0.9211397096514702,nan,0.13461389392614365,0.028274224999904618,0.0,0.02484638125008587
2026-04-27T08:12:42,VHRV_V_QUICK,Vanish only,640,4,0.0001,3,2,4,8,1,0.06274509803921569,0.01568627450980392,0.5,15.0,1.5,3.0,0.0,0.0,0.0,1,1,0,0.25611844286322594,0,0,,,,0.25611844286322594,0.0,0.5,0.0625,0.0,0.0,0.0,0.0,43.24710291518721,0.0,0.06274099461734295,0.0,,,2,1,inf,0.9965857565402985,0.0,0.00779714691452682,nan,0.03951694375000159,0.018026081249992387,0.0
2026-04-27T08:12:42,VHRV_V_QUICK,Vanish only,640,4,0.0001,3,2,4,8,1,0.06274509803921569,0.01568627450980392,0.5,15.0,1.5,3.0,0.0,0.0,0.0,2,1,0,0.23735423758625984,0,0,,,,0.23735423758625984,0.0,0.6875,0.0625,0.0,0.0,0.0,0.0,42.17996895414895,0.0,0.06274503283202648,0.0,,,2,1,inf,0.9958456307649612,0.0,0.00889034871943295,nan,0.020739812500011112,0.01998935624999376,0.0
2026-05-05T13:30:00,visdrone_v5,Vanish only,640,4,0.0001,50,8,16,8,1,0.047058823529411764,0.01568627450980392,0.5,15.0,1.5,3.0,5.0,1.0,0.5,1,1,0,0.2672730663616676,0,0,,,,0.2672730663616676,0.0,11.3125,2.28125,1.34375,0.0,0.0,0.0,41.312141531687566,0.0,0.04705882421694696,0.0,,,2,1,inf,0.9943076930940151,0.0,0.017628453992074355,nan,0.009018914062380645,0.006060281249915533,0.0
2026-05-05T13:30:00,visdrone_v5,Vanish only,640,4,0.0001,50,8,16,8,1,0.047058823529411764,0.01568627450980392,0.5,15.0,1.5,3.0,5.0,1.0,0.5,2,1,0,0.2361485010769684,0,0,,,,0.2361485010769684,0.0,13.203125,2.796875,1.734375,0.0,0.0,0.0,41.267045713707624,0.0,0.0470588244497776,0.0,,,2,1,inf,0.9930958710610867,0.0,0.02062065462814644,nan,0.006077631250150262,0.005846975000167731,0.0
2026-05-05T13:30:00,visdrone_v5,Vanish only,640,4,0.0001,50,8,16,8,1,0.047058823529411764,0.01568627450980392,0.5,15.0,1.5,3.0,5.0,1.0,0.5,3,1,0,0.2145857172436081,0,0,,,,0.2145857172436081,0.0,14.15625,3.171875,1.796875,0.0,0.0,0.0,41.030182701208155,0.0,0.0470588244497776,0.0,,,2,1,inf,0.9921423345804214,0.0,0.021775443630758673,nan,0.006134482812399256,0.005875899999978174,0.0
2026-05-05T13:30:00,visdrone_v5,Vanish only,640,4,0.0001,50,8,16,8,1,0.047058823529411764,0.01568627450980392,0.5,15.0,1.5,3.0,5.0,1.0,0.5,4,1,0,0.19733881927095354,0,0,,,,0.19733881927095354,0.0,14.9375,2.84375,1.828125,0.0,0.0,0.0,40.98980758131427,0.0,0.0470588244497776,0.0,,,2,1,inf,0.9921141341328621,0.0,0.023210665996884927,nan,0.006184603125120702,0.00577314999986811,0.0
2026-05-05T13:30:00,visdrone_v5,Vanish only,640,4,0.0001,50,8,16,8,1,0.047058823529411764,0.01568627450980392,0.5,15.0,1.5,3.0,5.0,1.0,0.5,5,1,0,0.18884803500259295,0,0,,,,0.18884803500259295,0.0,14.828125,3.546875,2.171875,0.0,0.0,0.0,40.88742230909407,0.0,0.0470588244497776,0.0,,,2,1,inf,0.991711363196373,0.0,0.024342577817151323,nan,0.006217315624553521,0.005955432812811523,0.0
2026-05-05T13:30:00,visdrone_v5,Vanish only,640,4,0.0001,50,8,16,8,1,0.047058823529411764,0.01568627450980392,0.5,15.0,1.5,3.0,5.0,1.0,0.5,6,1,0,0.17866211468935944,0,0,,,,0.17866211468935944,0.0,15.484375,2.90625,1.984375,0.0,0.0,0.0,40.8370694231793,0.0,0.0470588244497776,0.0,,,2,1,inf,0.9917027354240417,0.0,0.02431144668662455,nan,0.006176484375146174,0.005805607812362723,0.0
2026-05-05T13:30:00,visdrone_v5,Vanish only,640,4,0.0001,50,8,16,8,1,0.047058823529411764,0.01568627450980392,0.5,15.0,1.5,3.0,5.0,1.0,0.5,7,1,0,0.16681151036755182,0,0,,,,0.16681151036755182,0.0,16.296875,2.875,2.03125,0.0,0.0,0.0,40.78868206242409,0.0,0.0470588244497776,0.0,,,2,1,inf,0.9910476878285408,0.0,0.025819975620834157,nan,0.006163206249880204,0.005769468750145279,0.0
2026-05-05T13:30:00,visdrone_v5,Vanish only,640,4,0.0001,50,8,16,8,1,0.047058823529411764,0.01568627450980392,0.5,15.0,1.5,3.0,5.0,1.0,0.5,8,1,0,0.15365646313875914,0,0,,,,0.15365646313875914,0.0,16.703125,3.171875,2.15625,0.0,0.0,0.0,40.865722458735554,0.0,0.0470588244497776,0.0,,,2,1,inf,0.9914162717759609,0.0,0.02532227398478426,nan,0.006157537499916543,0.005731265624831394,0.0
2026-05-05T13:30:00,visdrone_v5,Vanish only,640,4,0.0001,50,8,16,8,1,0.047058823529411764,0.01568627450980392,0.5,15.0,1.5,3.0,5.0,1.0,0.5,9,1,0,0.14196651469683275,0,0,,,,0.14196651469683275,0.0,17.765625,2.5625,1.984375,0.0,0.0,0.0,40.839070152056074,0.0,0.0470588244497776,0.0,,,2,1,inf,0.9916090443730354,0.0,0.025054229612578638,nan,0.006184031250199951,0.005752326562401322,0.0
2026-05-05T13:30:00,visdrone_v5,Vanish only,640,4,0.0001,50,8,16,8,1,0.047058823529411764,0.01568627450980392,0.5,15.0,1.5,3.0,5.0,1.0,0.5,10,1,0,0.14196651469683275,1,0,,,,0.14298167469678447,0.0,17.265625,2.96875,2.046875,0.0,0.0,0.0,40.76761344995178,0.0,0.0470588244497776,0.0,,,2,1,inf,0.9913313910365105,0.0,0.02507979115762282,nan,0.0062181453124594555,0.006000287500228296,0.0
2026-05-05T13:30:00,visdrone_v5,Vanish only,640,4,0.0001,50,8,16,8,1,0.047058823529411764,0.01568627450980392,0.5,15.0,1.5,3.0,5.0,1.0,0.5,11,1,0,0.13911022638785653,0,0,,,,0.13911022638785653,0.0,17.828125,2.796875,1.90625,0.0,0.0,0.0,40.84249128101624,0.0,0.0470588244497776,0.0,,,2,1,inf,0.9914503693580627,0.0,0.02506826916942373,nan,0.006133190624950657,0.005899982812366034,0.0
2026-05-05T13:30:00,visdrone_v5,Vanish only,640,4,0.0001,50,8,16,8,1,0.047058823529411764,0.01568627450980392,0.5,15.0,1.5,3.0,5.0,1.0,0.5,12,1,0,0.13256362901302055,0,0,,,,0.13256362901302055,0.0,18.15625,2.515625,1.75,0.0,0.0,0.0,40.85692759896864,0.0,0.0470588244497776,0.0,,,2,1,inf,0.9918693453073502,0.0,0.024618185590952635,nan,0.006131217187089533,0.005994018750016039,0.0
2026-05-05T13:30:00,visdrone_v5,Vanish only,640,4,0.0001,50,8,16,8,1,0.047058823529411764,0.01568627450980392,0.5,15.0,1.5,3.0,5.0,1.0,0.5,13,1,0,0.12835208323667757,0,0,,,,0.12835208323667757,0.0,18.71875,2.78125,1.921875,0.0,0.0,0.0,40.74462270030835,0.0,0.0470588244497776,0.0,,,2,1,inf,0.9912143349647522,0.0,0.02658105107548181,nan,0.006223684374958793,0.005760642187738085,0.0
2026-05-05T13:30:00,visdrone_v5,Vanish only,640,4,0.0001,50,8,16,8,1,0.047058823529411764,0.01568627450980392,0.5,15.0,1.5,3.0,5.0,1.0,0.5,14,1,0,0.12231895775767043,0,0,,,,0.12231895775767043,0.0,19.171875,2.390625,1.796875,0.0,0.0,0.0,40.776110889916055,0.0,0.0470588244497776,0.0,,,2,1,inf,0.9911831468343735,0.0,0.02709393633995205,nan,0.006236393749873059,0.0058821312497912,0.0
2026-05-05T13:30:00,visdrone_v5,Vanish only,640,4,0.0001,50,8,16,8,1,0.047058823529411764,0.01568627450980392,0.5,15.0,1.5,3.0,5.0,1.0,0.5,15,1,0,0.12042676354758441,0,0,,,,0.12042676354758441,0.0,19.203125,2.390625,1.75,0.0,0.0,0.0,40.717400481310094,0.0,0.0470588244497776,0.0,,,2,1,inf,0.9915141388773918,0.0,0.025086096371524036,nan,0.006136484375019791,0.005859595312358579,0.0
2026-05-05T13:30:00,visdrone_v5,Vanish only,640,4,0.0001,50,8,16,8,1,0.047058823529411764,0.01568627450980392,0.5,15.0,1.5,3.0,5.0,1.0,0.5,16,1,0,0.12042676354758441,1,0,,,,0.12248600146267563,0.0,18.546875,2.5,1.859375,0.0,0.0,0.0,40.703081103949046,0.0,0.0470588244497776,0.0,,,2,1,inf,0.9912439100444317,0.0,0.025595271130441688,nan,0.006089095312518111,0.0058127937498966276,0.0
2026-05-05T13:30:00,visdrone_v5,Vanish only,640,4,0.0001,50,8,16,8,1,0.047058823529411764,0.01568627450980392,0.5,15.0,1.5,3.0,5.0,1.0,0.5,17,1,0,0.11621702078264207,0,0,,,,0.11621702078264207,0.0,19.5625,2.296875,1.78125,0.0,0.0,0.0,40.78319654192288,0.0,0.0470588244497776,0.0,,,2,1,inf,0.9912794791162014,0.0,0.024996482112328522,nan,0.006143404687236398,0.0058192234372427265,0.0
2026-05-05T13:30:00,visdrone_v5,Vanish only,640,4,0.0001,50,8,16,8,1,0.047058823529411764,0.01568627450980392,0.5,15.0,1.5,3.0,5.0,1.0,0.5,18,1,0,0.11621702078264207,1,0,,,,0.11987378241610713,0.0,19.28125,2.578125,1.984375,0.0,0.0,0.0,40.74680403706978,0.0,0.0470588244497776,0.0,,,2,1,inf,0.9911856688559055,0.0,0.025806305347941816,nan,0.006123954687495825,0.005809034374806288,0.0
2026-05-05T13:30:00,visdrone_v5,Vanish only,640,4,0.0001,50,8,16,8,1,0.047058823529411764,0.01568627450980392,0.5,15.0,1.5,3.0,5.0,1.0,0.5,19,1,0,0.11621702078264207,2,0,,,,0.11903279661783017,0.0,19.625,2.21875,1.78125,0.0,0.0,0.0,40.75263379894997,0.0,0.0470588244497776,0.0,,,2,1,inf,0.9913639537990093,0.0,0.02379242300230544,nan,0.006124607812807881,0.005767749999904481,0.0
2026-05-05T13:30:00,visdrone_v5,Vanish only,640,4,0.0001,50,8,16,8,1,0.047058823529411764,0.01568627450980392,0.5,15.0,1.5,3.0,5.0,1.0,0.5,20,1,0,0.11495108559029177,0,0,,,,0.11495108559029177,0.0,19.8125,2.25,1.8125,0.0,0.0,0.0,40.718521877166836,0.0,0.0470588244497776,0.0,,,2,1,inf,0.9910611212253571,0.0,0.025727642962010577,nan,0.006477248437363414,0.006116184374945988,0.0
2026-05-05T13:30:00,visdrone_v5,Vanish only,640,4,0.0001,50,8,16,8,1,0.047058823529411764,0.01568627450980392,0.5,15.0,1.5,3.0,5.0,1.0,0.5,21,1,0,0.11339879676233977,0,0,,,,0.11339879676233977,0.0,19.65625,2.609375,1.8125,0.0,0.0,0.0,40.6942408695527,0.0,0.0470588244497776,0.0,,,2,1,inf,0.9909517914056778,0.0,0.026272827963111922,nan,0.006634429687665033,0.0061758078122693405,0.0
2026-05-05T13:30:00,visdrone_v5,Vanish only,640,4,0.0001,50,8,16,8,1,0.047058823529411764,0.01568627450980392,0.5,15.0,1.5,3.0,5.0,1.0,0.5,22,1,0,0.11264605700853281,0,0,,,,0.11264605700853281,0.0,19.59375,2.546875,1.65625,0.0,0.0,0.0,40.74430177222656,0.0,0.0470588244497776,0.0,,,2,1,inf,0.9908618591725826,0.0,0.026185706970863976,nan,0.00650855625008262,0.006017629687676163,0.0
2026-05-05T13:30:00,visdrone_v5,Vanish only,640,4,0.0001,50,8,16,8,1,0.047058823529411764,0.01568627450980392,0.5,15.0,1.5,3.0,5.0,1.0,0.5,23,1,0,0.1111145427566953,0,0,,,,0.1111145427566953,0.0,19.96875,2.53125,1.640625,0.0,0.0,0.0,40.75484092441472,0.0,0.0470588244497776,0.0,,,2,1,inf,0.9911989718675613,0.0,0.025231825333321467,nan,0.006689556250194073,0.006216059374764882,0.0
2026-05-05T13:30:00,visdrone_v5,Vanish only,640,4,0.0001,50,8,16,8,1,0.047058823529411764,0.01568627450980392,0.5,15.0,1.5,3.0,5.0,1.0,0.5,24,1,0,0.1111145427566953,1,0,,,,0.11300948564894497,0.0,19.953125,2.453125,1.765625,0.0,0.0,0.0,40.70673236946888,0.0,0.0470588244497776,0.0,,,2,1,inf,0.9908751584589481,0.0,0.026908887521130964,nan,0.006460940625174771,0.006065621874540739,0.0
2026-05-05T13:30:00,visdrone_v5,Vanish only,640,4,0.0001,50,8,16,8,1,0.047058823529411764,0.01568627450980392,0.5,15.0,1.5,3.0,5.0,1.0,0.5,25,1,0,0.1111145427566953,2,0,,,,0.11244172428268939,0.0,19.828125,2.359375,1.578125,0.0,0.0,0.0,40.76821034102945,0.0,0.0470588244497776,0.0,,,2,1,inf,0.9912599138915539,0.0,0.024960039765574038,nan,0.006475806250136884,0.0060373031253675435,0.0
2026-05-05T13:30:00,visdrone_v5,Vanish only,640,4,0.0001,50,8,16,8,1,0.047058823529411764,0.01568627450980392,0.5,15.0,1.5,3.0,5.0,1.0,0.5,26,1,0,0.1111145427566953,3,0,,,,0.11222555249696597,0.0,19.90625,2.375,1.671875,0.0,0.0,0.0,40.78700321097719,0.0,0.0470588244497776,0.0,,,2,1,inf,0.9913737364113331,0.0,0.02396938305173535,nan,0.006506962499997826,0.006157307811918145,0.0
2026-05-05T13:30:00,visdrone_v5,Vanish only,640,4,0.0001,50,8,16,8,1,0.047058823529411764,0.01568627450980392,0.5,15.0,1.5,3.0,5.0,1.0,0.5,27,1,0,0.110013125668047,0,0,,,,0.110013125668047,0.0,20.359375,2.140625,1.875,0.0,0.0,0.0,40.70243704296259,0.0,0.0470588244497776,0.0,,,2,1,inf,0.9908899515867233,0.0,0.025583802940673195,nan,0.006560074999697463,0.006120906250316693,0.0
2026-05-05T13:30:00,visdrone_v5,Vanish only,640,4,0.0001,50,8,16,8,1,0.047058823529411764,0.01568627450980392,0.5,15.0,1.5,3.0,5.0,1.0,0.5,28,1,0,0.10652245511300862,0,0,,,,0.10652245511300862,0.0,20.71875,2.109375,1.890625,0.0,0.0,0.0,40.70924842607403,0.0,0.0470588244497776,0.0,,,2,1,inf,0.9909508228302002,0.0,0.024804451866657473,nan,0.006262678124812737,0.005917868749520494,0.0
2026-05-05T13:30:00,visdrone_v5,Vanish only,640,4,0.0001,50,8,16,8,1,0.047058823529411764,0.01568627450980392,0.5,15.0,1.5,3.0,5.0,1.0,0.5,29,1,0,0.10652245511300862,1,0,,,,0.10837174646439962,0.0,20.171875,2.125,1.765625,0.0,0.0,0.0,40.75603601903779,0.0,0.0470588244497776,0.0,,,2,1,inf,0.9913054741919041,0.0,0.023349048497038893,nan,0.006406670313253926,0.0059638984371304105,0.0
2026-05-05T13:30:00,visdrone_v5,Vanish only,640,4,0.0001,50,8,16,8,1,0.047058823529411764,0.01568627450980392,0.5,15.0,1.5,3.0,5.0,1.0,0.5,30,1,0,0.10652245511300862,2,0,,,,0.107656903215684,0.0,20.203125,2.234375,1.65625,0.0,0.0,0.0,40.76578318891522,0.0,0.0470588244497776,0.0,,,2,1,inf,0.9912752918899059,0.0,0.024720310771954246,nan,0.0062849281255239475,0.005927471874656476,0.0
2026-05-05T13:30:00,visdrone_v5,Vanish only,640,4,0.0001,50,8,16,8,1,0.047058823529411764,0.01568627450980392,0.5,15.0,1.5,3.0,5.0,1.0,0.5,31,1,0,0.10652245511300862,3,0,,,,0.10822121254750527,0.0,20.546875,2.1875,1.640625,0.0,0.0,0.0,40.69115882980376,0.0,0.0470588244497776,0.0,,,2,1,inf,0.9910401701927185,0.0,0.025764310601516627,nan,0.006438678124823127,0.006000704687721736,0.0
2026-05-05T13:30:00,visdrone_v5,Vanish only,640,4,0.0001,50,8,16,8,1,0.047058823529411764,0.01568627450980392,0.5,15.0,1.5,3.0,5.0,1.0,0.5,32,1,0,0.10339995042886585,0,0,,,,0.10339995042886585,0.0,20.890625,2.15625,1.625,0.0,0.0,0.0,40.67655689699059,0.0,0.0470588244497776,0.0,,,2,1,inf,0.9911170043051243,0.0,0.02475405507721007,nan,0.006269250000968896,0.006000787499715443,0.0
2026-05-05T13:30:00,visdrone_v5,Vanish only,640,4,0.0001,50,8,16,8,1,0.047058823529411764,0.01568627450980392,0.5,15.0,1.5,3.0,5.0,1.0,0.5,33,1,0,0.10339995042886585,1,0,,,,0.1119032726273872,0.0,19.921875,2.484375,1.625,0.0,0.0,0.0,40.69457613773526,0.0,0.0470588244497776,0.0,,,2,1,inf,0.9912252947688103,0.0,0.02458529757859651,nan,0.0066400078121660044,0.0059769890624465916,0.0
2026-05-05T13:30:00,visdrone_v5,Vanish only,640,4,0.0001,50,8,16,8,1,0.047058823529411764,0.01568627450980392,0.5,15.0,1.5,3.0,5.0,1.0,0.5,34,1,0,0.10321079642744735,0,0,,,,0.10321079642744735,0.0,20.6875,2.0625,1.734375,0.0,0.0,0.0,40.741084502202355,0.0,0.0470588244497776,0.0,,,2,1,inf,0.9911706112325191,0.0,0.024416197629761882,nan,0.006442860937113437,0.0060562890625988075,0.0
2026-05-05T13:30:00,visdrone_v5,Vanish only,640,4,0.0001,50,8,16,8,1,0.047058823529411764,0.01568627450980392,0.5,15.0,1.5,3.0,5.0,1.0,0.5,35,1,0,0.10321079642744735,1,0,,,,0.10564220781088807,0.0,20.6875,2.171875,1.78125,0.0,0.0,0.0,40.70197257476964,0.0,0.0470588244497776,0.0,,,2,1,inf,0.9909873604774475,0.0,0.025066454385523684,nan,0.006451584375327002,0.006134667187325249,0.0
2026-05-05T13:30:00,visdrone_v5,Vanish only,640,4,0.0001,50,8,16,8,1,0.047058823529411764,0.01568627450980392,0.5,15.0,1.5,3.0,5.0,1.0,0.5,36,1,0,0.1029377129743807,0,0,,,,0.1029377129743807,0.0,20.984375,2.0625,1.671875,0.0,0.0,0.0,40.721571276956865,0.0,0.0470588244497776,0.0,,,2,1,inf,0.9911604784429073,0.0,0.024465095993946306,nan,0.006463904687734612,0.006136521874623213,0.0
2026-05-05T13:30:00,visdrone_v5,Vanish only,640,4,0.0001,50,8,16,8,1,0.047058823529411764,0.01568627450980392,0.5,15.0,1.5,3.0,5.0,1.0,0.5,37,1,0,0.1029377129743807,1,0,,,,0.1048046701180283,0.0,20.734375,2.234375,1.8125,0.0,0.0,0.0,40.75636468002212,0.0,0.0470588244497776,0.0,,,2,1,inf,0.9912337698042393,0.0,0.02360981810488738,nan,0.006459864061980625,0.006072532813277576,0.0
2026-05-05T13:30:00,visdrone_v5,Vanish only,640,4,0.0001,50,8,16,8,1,0.047058823529411764,0.01568627450980392,0.5,15.0,1.5,3.0,5.0,1.0,0.5,38,1,0,0.1029377129743807,2,0,,,,0.10304934022133239,0.0,20.59375,2.3125,1.734375,0.0,0.0,0.0,40.669128662299286,0.0,0.0470588244497776,0.0,,,2,1,inf,0.990980688482523,0.0,0.024794254219159484,nan,0.006580049999911353,0.006125971874098468,0.0
2026-05-05T13:30:00,visdrone_v5,Vanish only,640,4,0.0001,50,8,16,8,1,0.047058823529411764,0.01568627450980392,0.5,15.0,1.5,3.0,5.0,1.0,0.5,39,1,0,0.1029377129743807,3,0,,,,0.10543839680030942,0.0,20.65625,2.34375,1.640625,0.0,0.0,0.0,40.666417751360704,0.0,0.0470588244497776,0.0,,,2,1,inf,0.9909324571490288,0.0,0.024701272981474176,nan,0.006627387499747783,0.006181326563364564,0.0
2026-05-05T13:30:00,visdrone_v5,Vanish only,640,4,0.0001,50,8,16,8,1,0.047058823529411764,0.01568627450980392,0.5,15.0,1.5,3.0,5.0,1.0,0.5,40,1,0,0.1018442829081323,0,0,,,,0.1018442829081323,0.0,21.1875,2.171875,1.609375,0.0,0.0,0.0,40.70600348542974,0.0,0.0470588244497776,0.0,,,2,1,inf,0.9911515899002552,0.0,0.023660748702241108,nan,0.006518242186984935,0.006060712500129739,0.0
2026-05-05T13:30:00,visdrone_v5,Vanish only,640,4,0.0001,50,8,16,8,1,0.047058823529411764,0.01568627450980392,0.5,15.0,1.5,3.0,5.0,1.0,0.5,41,1,0,0.10055023978929967,0,0,,,,0.10055023978929967,0.0,21.125,2.03125,1.578125,0.0,0.0,0.0,40.670891691325195,0.0,0.0470588244497776,0.0,,,2,1,inf,0.9911292605102062,0.0,0.024347495549591258,nan,0.006348917187324332,0.006020084374540602,0.0
2026-05-05T13:30:00,visdrone_v5,Vanish only,640,4,0.0001,50,8,16,8,1,0.047058823529411764,0.01568627450980392,0.5,15.0,1.5,3.0,5.0,1.0,0.5,42,1,0,0.10055023978929967,1,0,,,,0.11050647104275413,0.0,20.015625,2.484375,1.71875,0.0,0.0,0.0,40.67808954133609,0.0,0.0470588244497776,0.0,,,2,1,inf,0.9910967871546745,0.0,0.024724533141124994,nan,0.00640153281210587,0.006046571875685913,0.0
2026-05-05T13:30:00,visdrone_v5,Vanish only,640,4,0.0001,50,8,16,8,1,0.047058823529411764,0.01568627450980392,0.5,15.0,1.5,3.0,5.0,1.0,0.5,43,1,0,0.10055023978929967,2,0,,,,0.10285137296887115,0.0,21.015625,2.1875,1.515625,0.0,0.0,0.0,40.7112362796593,0.0,0.0470588244497776,0.0,,,2,1,inf,0.9909685477614403,0.0,0.024692180624697357,nan,0.0064246312501836655,0.00610477812483623,0.0
2026-05-05T13:30:00,visdrone_v5,Vanish only,640,4,0.0001,50,8,16,8,1,0.047058823529411764,0.01568627450980392,0.5,15.0,1.5,3.0,5.0,1.0,0.5,44,1,0,0.10055023978929967,3,0,,,,0.10394092969363555,0.0,20.734375,2.4375,1.5625,0.0,0.0,0.0,40.72997501447347,0.0,0.0470588244497776,0.0,,,2,1,inf,0.9909926764667034,0.0,0.024879081815015525,nan,0.006301728125890804,0.006139831249811323,0.0
2026-05-05T13:30:00,visdrone_v5,Vanish only,640,4,0.0001,50,8,16,8,1,0.047058823529411764,0.01568627450980392,0.5,15.0,1.5,3.0,5.0,1.0,0.5,45,1,0,0.10055023978929967,4,0,,,,0.10113547669607215,0.0,21.265625,2.28125,1.640625,0.0,0.0,0.0,40.75330501104552,0.0,0.0470588244497776,0.0,,,2,1,inf,0.9911640211939812,0.0,0.0243434677249752,nan,0.00630268125019029,0.006011881250060469,0.0
2026-05-05T13:30:00,visdrone_v5,Vanish only,640,4,0.0001,50,8,16,8,1,0.047058823529411764,0.01568627450980392,0.5,15.0,1.5,3.0,5.0,1.0,0.5,46,1,0,0.10055023978929967,5,0,,,,0.10171435441588983,0.0,21.34375,2.03125,1.609375,0.0,0.0,0.0,40.682086614616175,0.0,0.0470588244497776,0.0,,,2,1,inf,0.9909538924694061,0.0,0.023977205870323814,nan,0.0064196046873803425,0.005988620313019055,0.0
2026-05-05T13:30:00,visdrone_v5,Vanish only,640,4,0.0001,50,8,16,8,1,0.047058823529411764,0.01568627450980392,0.5,15.0,1.5,3.0,5.0,1.0,0.5,47,1,0,0.10055023978929967,6,0,,,,0.10187547357054427,0.0,21.046875,1.90625,1.65625,0.0,0.0,0.0,40.70415867656768,0.0,0.0470588244497776,0.0,,,2,1,inf,0.9910089150071144,0.0,0.023802007985068485,nan,0.006445410938567875,0.006217543750153709,0.0
2026-05-05T13:30:00,visdrone_v5,Vanish only,640,4,0.0001,50,8,16,8,1,0.047058823529411764,0.01568627450980392,0.5,15.0,1.5,3.0,5.0,1.0,0.5,48,1,0,0.09560157178202644,0,0,,,,0.09560157178202644,0.0,21.640625,1.984375,1.640625,0.0,0.0,0.0,40.68434054162701,0.0,0.0470588244497776,0.0,,,2,1,inf,0.9911949038505554,0.0,0.023481366166379303,nan,0.006449457812550463,0.0060832453125385655,0.0
2026-05-05T13:30:00,visdrone_v5,Vanish only,640,4,0.0001,50,8,16,8,1,0.047058823529411764,0.01568627450980392,0.5,15.0,1.5,3.0,5.0,1.0,0.5,49,1,0,0.09560157178202644,1,0,,,,0.09630075399763882,0.0,21.390625,1.90625,1.78125,0.0,0.0,0.0,40.7142983035388,0.0,0.0470588244497776,0.0,,,2,1,inf,0.9911580123007298,0.0,0.023846740048611537,nan,0.006300818749195969,0.006051964063090054,0.0
2026-05-05T13:30:00,visdrone_v5,Vanish only,640,4,0.0001,50,8,16,8,1,0.047058823529411764,0.01568627450980392,0.5,15.0,1.5,3.0,5.0,1.0,0.5,50,1,0,0.09560157178202644,2,0,,,,0.09658373627462424,0.0,21.640625,2.171875,1.640625,0.0,0.0,0.0,40.69084906130048,0.0,0.0470588244497776,0.0,,,2,1,inf,0.9911274313926697,0.0,0.02386734029278159,nan,0.006354065625373551,0.0059921484375990985,0.0
2026-05-05T18:14:02,visdrone_f4,Fabricate only,640,4,0.0001,60,10,16,8,1,0.047058823529411764,0.011764705882352941,0.5,20.0,2.5,3.0,5.0,1.0,0.5,1,0,1,,,,15.999906122684479,0,0,0.0,15.999906122684479,0.0,0.0,0.0,3.25,1.90625,0.515625,0.0,39.99245960251107,0.0,0.0117647061124444,,,2,1,inf,0.0,0.9876046031713486,nan,0.042026388458907604,0.009443745312637475,0.0,0.006661793750254219
2026-05-05T18:14:02,visdrone_f4,Fabricate only,640,4,0.0001,60,10,16,8,1,0.047058823529411764,0.011764705882352941,0.5,20.0,2.5,3.0,5.0,1.0,0.5,2,0,1,,,,12.837866067886353,0,0,0.0,12.837866067886353,0.0,0.0,0.0,3.890625,55.625,0.921875,0.0,40.18934597004899,0.0,0.0117647061124444,,,2,1,inf,0.0,0.9817177690565586,nan,0.05308920447714627,0.00653833906244472,0.0,0.006317662500578081
2026-05-05T18:14:02,visdrone_f4,Fabricate only,640,4,0.0001,60,10,16,8,1,0.047058823529411764,0.011764705882352941,0.5,20.0,2.5,3.0,5.0,1.0,0.5,3,0,1,,,,12.378290235996246,0,0,0.0,12.378290235996246,0.0,0.0,0.0,5.015625,109.75,1.15625,0.0,41.36309560272157,0.0,0.0117647061124444,,,2,1,inf,0.0,0.9811619035899639,nan,0.041902293101884425,0.0066801312495954335,0.0,0.00620992812514487
2026-05-05T18:14:02,visdrone_f4,Fabricate only,640,4,0.0001,60,10,16,8,1,0.047058823529411764,0.011764705882352941,0.5,20.0,2.5,3.0,5.0,1.0,0.5,4,0,1,,,,11.635731160640717,0,0,0.0,11.635731160640717,0.0,0.0,0.0,5.015625,116.859375,1.25,0.0,40.24350973270549,0.0,0.0117647061124444,,,2,1,inf,0.0,0.9798186086118221,nan,0.05139595549553633,0.0067002421869801765,0.0,0.006199106250733166
2026-05-05T18:14:02,visdrone_f4,Fabricate only,640,4,0.0001,60,10,16,8,1,0.047058823529411764,0.011764705882352941,0.5,20.0,2.5,3.0,5.0,1.0,0.5,5,0,1,,,,11.135538816452026,0,0,0.0,11.135538816452026,0.0,0.0,0.0,5.296875,130.828125,1.390625,0.0,39.607917852671214,0.0,0.0117647061124444,,,2,1,inf,0.0,0.9792835228145123,nan,0.059100445825606585,0.006485559374368677,0.0,0.006457148437903015
2026-05-05T18:14:02,visdrone_f4,Fabricate only,640,4,0.0001,60,10,16,8,1,0.047058823529411764,0.011764705882352941,0.5,20.0,2.5,3.0,5.0,1.0,0.5,6,0,1,,,,10.764421701431274,0,0,0.0,10.764421701431274,0.0,0.0,0.0,6.25,151.796875,1.296875,0.0,39.87035241819326,0.0,0.0117647061124444,,,2,1,inf,0.0,0.9788113683462143,nan,0.05733699514530599,0.0064383874994291546,0.0,0.0061403671877542365
2026-05-05T18:14:02,visdrone_f4,Fabricate only,640,4,0.0001,60,10,16,8,1,0.047058823529411764,0.011764705882352941,0.5,20.0,2.5,3.0,5.0,1.0,0.5,7,0,1,,,,10.632507741451263,0,0,0.0,10.632507741451263,0.0,0.0,0.0,5.75,151.578125,1.421875,0.0,39.55982108188931,0.0,0.0117647061124444,,,2,1,inf,0.0,0.9778462760150433,nan,0.06116854608990252,0.0064546515618530975,0.0,0.0061951843749739055
2026-05-05T18:14:02,visdrone_f4,Fabricate only,640,4,0.0001,60,10,16,8,1,0.047058823529411764,0.011764705882352941,0.5,20.0,2.5,3.0,5.0,1.0,0.5,8,0,1,,,,10.632507741451263,1,0,0.0,10.818506360054016,0.0,0.0,0.0,6.8125,167.0,1.375,0.0,40.14278131803275,0.0,0.0117647061124444,,,2,1,inf,0.0,0.9787462279200554,nan,0.05157633684575558,0.0065097156250431,0.0,0.006114632812113996
2026-05-05T18:14:02,visdrone_f4,Fabricate only,640,4,0.0001,60,10,16,8,1,0.047058823529411764,0.011764705882352941,0.5,20.0,2.5,3.0,5.0,1.0,0.5,9,0,1,,,,10.309727668762207,0,0,0.0,10.309727668762207,0.0,0.0,0.0,6.4375,160.71875,1.5625,0.0,39.65746299045052,0.0,0.0117647061124444,,,2,1,inf,0.0,0.9779557399451733,nan,0.05878983507864177,0.006536675000688774,0.0,0.006467801562848763
2026-05-05T18:14:02,visdrone_f4,Fabricate only,640,4,0.0001,60,10,16,8,1,0.047058823529411764,0.011764705882352941,0.5,20.0,2.5,3.0,5.0,1.0,0.5,10,0,1,,,,10.261617124080658,0,0,0.0,10.261617124080658,0.0,0.0,0.0,6.546875,153.96875,1.421875,0.0,39.54948598855622,0.0,0.0117647061124444,,,2,1,inf,0.0,0.9773806519806385,nan,0.05917515675537288,0.006507185937834947,0.0,0.006197131250473831
2026-05-05T18:14:02,visdrone_f4,Fabricate only,640,4,0.0001,60,10,16,8,1,0.047058823529411764,0.011764705882352941,0.5,20.0,2.5,3.0,5.0,1.0,0.5,11,0,1,,,,10.164439916610718,0,0,0.0,10.164439916610718,0.0,0.0,0.0,6.734375,171.203125,1.578125,0.0,39.56505635395249,0.0,0.0117647061124444,,,2,1,inf,0.0,0.9773645810782909,nan,0.0602368782274425,0.0065636781246212195,0.0,0.006274335938087461
2026-05-05T18:14:02,visdrone_f4,Fabricate only,640,4,0.0001,60,10,16,8,1,0.047058823529411764,0.011764705882352941,0.5,20.0,2.5,3.0,5.0,1.0,0.5,12,0,1,,,,10.096058309078217,0,0,0.0,10.096058309078217,0.0,0.0,0.0,7.0,179.875,1.4375,0.0,39.55010964335714,0.0,0.0117647061124444,,,2,1,inf,0.0,0.9772951863706112,nan,0.061558117624372244,0.006441321876309303,0.0,0.006308234375410393
2026-05-05T18:14:02,visdrone_f4,Fabricate only,640,4,0.0001,60,10,16,8,1,0.047058823529411764,0.011764705882352941,0.5,20.0,2.5,3.0,5.0,1.0,0.5,13,0,1,,,,9.984032273292542,0,0,0.0,9.984032273292542,0.0,0.0,0.0,7.046875,182.328125,1.59375,0.0,39.56261389938395,0.0,0.0117647061124444,,,2,1,inf,0.0,0.9773947857320309,nan,0.06049809418618679,0.006402339062105966,0.0,0.006164764062759787
2026-05-05T18:14:02,visdrone_f4,Fabricate only,640,4,0.0001,60,10,16,8,1,0.047058823529411764,0.011764705882352941,0.5,20.0,2.5,3.0,5.0,1.0,0.5,14,0,1,,,,9.984032273292542,1,0,0.0,10.079563558101654,0.0,0.0,0.0,6.71875,170.4375,1.625,0.0,39.619849672428,0.0,0.0117647061124444,,,2,1,inf,0.0,0.9771191328763962,nan,0.05954906088300049,0.006560824999496617,0.0,0.006344270312865774
2026-05-05T18:14:02,visdrone_f4,Fabricate only,640,4,0.0001,60,10,16,8,1,0.047058823529411764,0.011764705882352941,0.5,20.0,2.5,3.0,5.0,1.0,0.5,15,0,1,,,,9.900388598442078,0,0,0.0,9.900388598442078,0.0,0.0,0.0,6.984375,183.28125,1.578125,0.0,39.55067271139959,0.0,0.0117647061124444,,,2,1,inf,0.0,0.9774917922914028,nan,0.06101446412503719,0.006527604687335042,0.0,0.006309493749995454
2026-05-05T18:14:02,visdrone_f4,Fabricate only,640,4,0.0001,60,10,16,8,1,0.047058823529411764,0.011764705882352941,0.5,20.0,2.5,3.0,5.0,1.0,0.5,16,0,1,,,,9.900388598442078,1,0,0.0,9.908742606639862,0.0,0.0,0.0,7.421875,189.609375,1.625,0.0,39.53822635884384,0.0,0.0117647061124444,,,2,1,inf,0.0,0.9777418561279774,nan,0.060467086965218186,0.006481401562723477,0.0,0.006175496874902819
2026-05-05T18:14:02,visdrone_f4,Fabricate only,640,4,0.0001,60,10,16,8,1,0.047058823529411764,0.011764705882352941,0.5,20.0,2.5,3.0,5.0,1.0,0.5,17,0,1,,,,9.900388598442078,2,0,0.0,10.09907341003418,0.0,0.0,0.0,6.4375,172.125,1.671875,0.0,39.49670351121891,0.0,0.0117647061124444,,,2,1,inf,0.0,0.9776026271283627,nan,0.06238726922310889,0.006431070312146403,0.0,0.006305546874955326
2026-05-05T18:14:02,visdrone_f4,Fabricate only,640,4,0.0001,60,10,16,8,1,0.047058823529411764,0.011764705882352941,0.5,20.0,2.5,3.0,5.0,1.0,0.5,18,0,1,,,,9.900388598442078,3,0,0.0,9.90045952796936,0.0,0.0,0.0,7.5625,192.796875,1.59375,0.0,39.57036907682413,0.0,0.0117647061124444,,,2,1,inf,0.0,0.9782967865467072,nan,0.060638051480054855,0.006621176562703113,0.0,0.006251170312680188
2026-05-05T18:14:02,visdrone_f4,Fabricate only,640,4,0.0001,60,10,16,8,1,0.047058823529411764,0.011764705882352941,0.5,20.0,2.5,3.0,5.0,1.0,0.5,19,0,1,,,,9.817295789718628,0,0,0.0,9.817295789718628,0.0,0.0,0.0,6.96875,187.890625,1.6875,0.0,39.54025829361859,0.0,0.0117647061124444,,,2,1,inf,0.0,0.9768141657114029,nan,0.06317140953615308,0.006642653126391451,0.0,0.006562328125028216
2026-05-05T18:14:02,visdrone_f4,Fabricate only,640,4,0.0001,60,10,16,8,1,0.047058823529411764,0.011764705882352941,0.5,20.0,2.5,3.0,5.0,1.0,0.5,20,0,1,,,,9.781757652759552,0,0,0.0,9.781757652759552,0.0,0.0,0.0,7.6875,194.734375,1.625,0.0,39.551150728078724,0.0,0.0117647061124444,,,2,1,inf,0.0,0.9774364717304707,nan,0.06202054093591869,0.0065505062502779765,0.0,0.006226432812127314
2026-05-05T18:14:02,visdrone_f4,Fabricate only,640,4,0.0001,60,10,16,8,1,0.047058823529411764,0.011764705882352941,0.5,20.0,2.5,3.0,5.0,1.0,0.5,21,0,1,,,,9.758269548416138,0,0,0.0,9.758269548416138,0.0,0.0,0.0,7.78125,196.046875,1.640625,0.0,39.543224926471915,0.0,0.0117647061124444,,,2,1,inf,0.0,0.9776065461337566,nan,0.0608449277933687,0.006519753124621275,0.0,0.00649853281288415
2026-05-05T18:14:02,visdrone_f4,Fabricate only,640,4,0.0001,60,10,16,8,1,0.047058823529411764,0.011764705882352941,0.5,20.0,2.5,3.0,5.0,1.0,0.5,22,0,1,,,,9.758269548416138,1,0,0.0,9.89908754825592,0.0,0.0,0.0,7.0,182.796875,1.75,0.0,39.52280677110091,0.0,0.0117647061124444,,,2,1,inf,0.0,0.9774730913341045,nan,0.06311497115530074,0.006424645312563371,0.0,0.006319865624845988
2026-05-05T18:14:02,visdrone_f4,Fabricate only,640,4,0.0001,60,10,16,8,1,0.047058823529411764,0.011764705882352941,0.5,20.0,2.5,3.0,5.0,1.0,0.5,23,0,1,,,,9.723304748535156,0,0,0.0,9.723304748535156,0.0,0.0,0.0,7.421875,193.96875,1.703125,0.0,39.50862203143303,0.0,0.0117647061124444,,,2,1,inf,0.0,0.9769449941813946,nan,0.062275548465549946,0.0064916156254639645,0.0,0.006124056250655485
2026-05-05T18:14:02,visdrone_f4,Fabricate only,640,4,0.0001,60,10,16,8,1,0.047058823529411764,0.011764705882352941,0.5,20.0,2.5,3.0,5.0,1.0,0.5,24,0,1,,,,9.723304748535156,1,0,0.0,9.811496913433075,0.0,0.0,0.0,7.484375,193.015625,1.59375,0.0,39.523542231243795,0.0,0.0117647061124444,,,2,1,inf,0.0,0.9776127524673939,nan,0.06124477321282029,0.006477537499677055,0.0,0.006203217187021437
2026-05-05T18:14:02,visdrone_f4,Fabricate only,640,4,0.0001,60,10,16,8,1,0.047058823529411764,0.011764705882352941,0.5,20.0,2.5,3.0,5.0,1.0,0.5,25,0,1,,,,9.642374217510223,0,0,0.0,9.642374217510223,0.0,0.0,0.0,8.203125,207.6875,1.546875,0.0,39.70995986911748,0.0,0.0117647061124444,,,2,1,inf,0.0,0.9768888764083385,nan,0.062193864956498146,0.006533868750011607,0.0,0.006292948437931045
2026-05-05T18:14:02,visdrone_f4,Fabricate only,640,4,0.0001,60,10,16,8,1,0.047058823529411764,0.011764705882352941,0.5,20.0,2.5,3.0,5.0,1.0,0.5,26,0,1,,,,9.642374217510223,1,0,0.0,9.81461238861084,0.0,0.0,0.0,8.703125,206.25,1.5,0.0,39.998700399166864,0.0,0.0117647061124444,,,2,1,inf,0.0,0.9781687296926975,nan,0.05776742519810796,0.006578521874871512,0.0,0.006235243750097652
2026-05-05T18:14:02,visdrone_f4,Fabricate only,640,4,0.0001,60,10,16,8,1,0.047058823529411764,0.011764705882352941,0.5,20.0,2.5,3.0,5.0,1.0,0.5,27,0,1,,,,9.617577493190765,0,0,0.0,9.617577493190765,0.0,0.0,0.0,8.234375,205.375,1.625,0.0,39.56391553007304,0.0,0.0117647061124444,,,2,1,inf,0.0,0.9772872515022755,nan,0.06235406547784805,0.0064893859373569285,0.0,0.0063007249996189785
2026-05-05T18:14:02,visdrone_f4,Fabricate only,640,4,0.0001,60,10,16,8,1,0.047058823529411764,0.011764705882352941,0.5,20.0,2.5,3.0,5.0,1.0,0.5,28,0,1,,,,9.57801041007042,0,0,0.0,9.57801041007042,0.0,0.0,0.0,8.109375,207.0625,1.625,0.0,39.641177844556566,0.0,0.0117647061124444,,,2,1,inf,0.0,0.976671852171421,nan,0.06224285834468901,0.006496264062889168,0.0,0.006209948437572166
2026-05-05T18:14:02,visdrone_f4,Fabricate only,640,4,0.0001,60,10,16,8,1,0.047058823529411764,0.011764705882352941,0.5,20.0,2.5,3.0,5.0,1.0,0.5,29,0,1,,,,9.51508715748787,0,0,0.0,9.51508715748787,0.0,0.0,0.0,8.234375,212.0625,1.546875,0.0,39.52926946046566,0.0,0.0117647061124444,,,2,1,inf,0.0,0.9770528711378574,nan,0.06283478671684861,0.006583731250202618,0.0,0.006428675000051953
2026-05-05T18:14:02,visdrone_f4,Fabricate only,640,4,0.0001,60,10,16,8,1,0.047058823529411764,0.011764705882352941,0.5,20.0,2.5,3.0,5.0,1.0,0.5,30,0,1,,,,9.51508715748787,1,0,0.0,9.705282479524612,0.0,0.0,0.0,7.984375,199.28125,1.578125,0.0,39.806996296148945,0.0,0.0117647061124444,,,2,1,inf,0.0,0.9768473580479622,nan,0.06505932076834142,0.006635071875052745,0.0,0.0061694531254943286
2026-05-05T18:14:02,visdrone_f4,Fabricate only,640,4,0.0001,60,10,16,8,1,0.047058823529411764,0.011764705882352941,0.5,20.0,2.5,3.0,5.0,1.0,0.5,31,0,1,,,,9.51508715748787,2,0,0.0,9.540318489074707,0.0,0.0,0.0,8.53125,209.59375,1.5625,0.0,39.54751378770862,0.0,0.0117647061124444,,,2,1,inf,0.0,0.9777457863092422,nan,0.0626796253491193,0.006513020312468143,0.0,0.0064333156260545366
2026-05-05T18:14:02,visdrone_f4,Fabricate only,640,4,0.0001,60,10,16,8,1,0.047058823529411764,0.011764705882352941,0.5,20.0,2.5,3.0,5.0,1.0,0.5,32,0,1,,,,9.51508715748787,3,0,0.0,9.703128010034561,0.0,0.0,0.0,8.09375,207.34375,1.546875,0.0,39.54494014538482,0.0,0.0117647061124444,,,2,1,inf,0.0,0.9771649315953255,nan,0.061740831937640905,0.0065434406249096355,0.0,0.00621357812565293
2026-05-05T18:14:02,visdrone_f4,Fabricate only,640,4,0.0001,60,10,16,8,1,0.047058823529411764,0.011764705882352941,0.5,20.0,2.5,3.0,5.0,1.0,0.5,33,0,1,,,,9.495961219072342,0,0,0.0,9.495961219072342,0.0,0.0,0.0,7.921875,207.71875,1.546875,0.0,39.51088612937489,0.0,0.0117647061124444,,,2,1,inf,0.0,0.9767129980027676,nan,0.06424517347477376,0.006598796874641266,0.0,0.006544876562657009
2026-05-05T18:14:02,visdrone_f4,Fabricate only,640,4,0.0001,60,10,16,8,1,0.047058823529411764,0.011764705882352941,0.5,20.0,2.5,3.0,5.0,1.0,0.5,34,0,1,,,,9.484116792678833,0,0,0.0,9.484116792678833,0.0,0.0,0.0,8.296875,208.828125,1.53125,0.0,39.55319475310763,0.0,0.0117647061124444,,,2,1,inf,0.0,0.9773135557770729,nan,0.0632067620754242,0.006807567187706809,0.0,0.0063052843747755105
2026-05-05T18:14:02,visdrone_f4,Fabricate only,640,4,0.0001,60,10,16,8,1,0.047058823529411764,0.011764705882352941,0.5,20.0,2.5,3.0,5.0,1.0,0.5,35,0,1,,,,9.484116792678833,1,0,0.0,9.528332859277725,0.0,0.0,0.0,8.109375,204.875,1.640625,0.0,39.553877780982035,0.0,0.0117647061124444,,,2,1,inf,0.0,0.9767599999904633,nan,0.06292400462552905,0.006561073437524101,0.0,0.006218743749741407
2026-05-05T18:14:02,visdrone_f4,Fabricate only,640,4,0.0001,60,10,16,8,1,0.047058823529411764,0.011764705882352941,0.5,20.0,2.5,3.0,5.0,1.0,0.5,36,0,1,,,,9.484116792678833,2,0,0.0,9.598544478416443,0.0,0.0,0.0,8.09375,211.90625,1.59375,0.0,40.0161124581914,0.0,0.0117647061124444,,,2,1,inf,0.0,0.9770988002419472,nan,0.06081084813922644,0.006906874999913271,0.0,0.006355379687647655
2026-05-05T18:14:02,visdrone_f4,Fabricate only,640,4,0.0001,60,10,16,8,1,0.047058823529411764,0.011764705882352941,0.5,20.0,2.5,3.0,5.0,1.0,0.5,37,0,1,,,,9.416824668645859,0,0,0.0,9.416824668645859,0.0,0.0,0.0,8.21875,211.359375,1.59375,0.0,39.53801876193628,0.0,0.0117647061124444,,,2,1,inf,0.0,0.9768170304596424,nan,0.06374739506281912,0.0066636046876737964,0.0,0.006659128124965719
2026-05-05T18:14:02,visdrone_f4,Fabricate only,640,4,0.0001,60,10,16,8,1,0.047058823529411764,0.011764705882352941,0.5,20.0,2.5,3.0,5.0,1.0,0.5,38,0,1,,,,9.416824668645859,1,0,0.0,9.468005955219269,0.0,0.0,0.0,7.953125,208.546875,1.625,0.0,39.51513801223552,0.0,0.0117647061124444,,,2,1,inf,0.0,0.9762823097407818,nan,0.06452138675376773,0.00677521718830576,0.0,0.006482973437869077
2026-05-05T18:14:02,visdrone_f4,Fabricate only,640,4,0.0001,60,10,16,8,1,0.047058823529411764,0.011764705882352941,0.5,20.0,2.5,3.0,5.0,1.0,0.5,39,0,1,,,,9.409922003746033,0,0,0.0,9.409922003746033,0.0,0.0,0.0,8.125,210.40625,1.65625,0.0,39.524702157190745,0.0,0.0117647061124444,,,2,1,inf,0.0,0.9768034294247627,nan,0.06286655645817518,0.006228014063026421,0.0,0.005991807812506522
2026-05-05T18:14:02,visdrone_f4,Fabricate only,640,4,0.0001,60,10,16,8,1,0.047058823529411764,0.011764705882352941,0.5,20.0,2.5,3.0,5.0,1.0,0.5,40,0,1,,,,9.409922003746033,1,0,0.0,9.476316004991531,0.0,0.0,0.0,8.078125,208.5,1.5,0.0,39.524760319526415,0.0,0.0117647061124444,,,2,1,inf,0.0,0.976999044418335,nan,0.06251993216574192,0.006293748437883551,0.0,0.00599573750014315
2026-05-05T18:14:02,visdrone_f4,Fabricate only,640,4,0.0001,60,10,16,8,1,0.047058823529411764,0.011764705882352941,0.5,20.0,2.5,3.0,5.0,1.0,0.5,41,0,1,,,,9.409922003746033,2,0,0.0,9.543366491794586,0.0,0.0,0.0,8.890625,214.328125,1.703125,0.0,39.518322374921766,0.0,0.0117647061124444,,,2,1,inf,0.0,0.9774742014706135,nan,0.06222105282358825,0.006458384375036985,0.0,0.006181451562042639
2026-05-05T18:14:02,visdrone_f4,Fabricate only,640,4,0.0001,60,10,16,8,1,0.047058823529411764,0.011764705882352941,0.5,20.0,2.5,3.0,5.0,1.0,0.5,42,0,1,,,,9.409922003746033,3,0,0.0,9.422513663768768,0.0,0.0,0.0,8.21875,210.921875,1.546875,0.0,39.48201362364324,0.0,0.0117647061124444,,,2,1,inf,0.0,0.9763685800135136,nan,0.06503304606303573,0.006653731249798511,0.0,0.006279256250081744
2026-05-05T18:14:02,visdrone_f4,Fabricate only,640,4,0.0001,60,10,16,8,1,0.047058823529411764,0.011764705882352941,0.5,20.0,2.5,3.0,5.0,1.0,0.5,43,0,1,,,,9.409922003746033,4,0,0.0,9.410381346940994,0.0,0.0,0.0,7.78125,209.75,1.625,0.0,39.534624590878174,0.0,0.0117647061124444,,,2,1,inf,0.0,0.9764980748295784,nan,0.06344573944807053,0.0066176906254895584,0.0,0.0063492390625015105
2026-05-05T18:14:02,visdrone_f4,Fabricate only,640,4,0.0001,60,10,16,8,1,0.047058823529411764,0.011764705882352941,0.5,20.0,2.5,3.0,5.0,1.0,0.5,44,0,1,,,,9.409922003746033,5,0,0.0,9.597066640853882,0.0,0.0,0.0,8.25,199.875,1.5625,0.0,39.49888260188245,0.0,0.0117647061124444,,,2,1,inf,0.0,0.9776838645339012,nan,0.063327148091048,0.006736185937370465,0.0,0.006325410937733977
2026-05-05T18:14:02,visdrone_f4,Fabricate only,640,4,0.0001,60,10,16,8,1,0.047058823529411764,0.011764705882352941,0.5,20.0,2.5,3.0,5.0,1.0,0.5,45,0,1,,,,9.409922003746033,6,0,0.0,10.409214317798615,0.0,0.0,0.0,7.90625,207.40625,1.65625,0.0,41.64320284811004,0.0,0.0117647061124444,,,2,1,inf,0.0,0.9767596274614334,nan,0.04660416767001152,0.006201300000611809,0.0,0.0061627640625374625
2026-05-05T18:14:02,visdrone_f4,Fabricate only,640,4,0.0001,60,10,16,8,1,0.047058823529411764,0.011764705882352941,0.5,20.0,2.5,3.0,5.0,1.0,0.5,46,0,1,,,,9.367546796798706,0,0,0.0,9.367546796798706,0.0,0.0,0.0,8.671875,219.5625,1.578125,0.0,39.54132438745869,0.0,0.0117647061124444,,,2,1,inf,0.0,0.9767266400158405,nan,0.0619148719124496,0.0066251703124180494,0.0,0.006197468749633117
2026-05-05T18:14:02,visdrone_f4,Fabricate only,640,4,0.0001,60,10,16,8,1,0.047058823529411764,0.011764705882352941,0.5,20.0,2.5,3.0,5.0,1.0,0.5,47,0,1,,,,9.367546796798706,1,0,0.0,9.373125791549683,0.0,0.0,0.0,8.234375,216.28125,1.65625,0.0,39.532966646442155,0.0,0.0117647061124444,,,2,1,inf,0.0,0.9764790944755077,nan,0.06339031248353422,0.00635626406301526,0.0,0.006269192188256056
2026-05-05T18:14:02,visdrone_f4,Fabricate only,640,4,0.0001,60,10,16,8,1,0.047058823529411764,0.011764705882352941,0.5,20.0,2.5,3.0,5.0,1.0,0.5,48,0,1,,,,9.35036838054657,0,0,0.0,9.35036838054657,0.0,0.0,0.0,8.140625,216.140625,1.625,0.0,39.51944384606261,0.0,0.0117647061124444,,,2,1,inf,0.0,0.9768508896231651,nan,0.06438050023280084,0.006551820312324708,0.0,0.006111442188057481
2026-05-05T18:14:02,visdrone_f4,Fabricate only,640,4,0.0001,60,10,16,8,1,0.047058823529411764,0.011764705882352941,0.5,20.0,2.5,3.0,5.0,1.0,0.5,49,0,1,,,,9.35036838054657,1,0,0.0,9.54480230808258,0.0,0.0,0.0,8.296875,208.6875,1.53125,0.0,39.52303671516325,0.0,0.0117647061124444,,,2,1,inf,0.0,0.9773574024438858,nan,0.0654462524689734,0.006338945312563737,0.0,0.006326750000653192
2026-05-05T18:14:02,visdrone_f4,Fabricate only,640,4,0.0001,60,10,16,8,1,0.047058823529411764,0.011764705882352941,0.5,20.0,2.5,3.0,5.0,1.0,0.5,50,0,1,,,,9.35036838054657,2,0,0.0,9.422191947698593,0.0,0.0,0.0,7.984375,213.125,1.65625,0.0,39.53323338041742,0.0,0.0117647061124444,,,2,1,inf,0.0,0.9766674675047398,nan,0.06279795127920806,0.00656579531278112,0.0,0.006135767187743113
2026-05-05T18:14:02,visdrone_f4,Fabricate only,640,4,0.0001,60,10,16,8,1,0.047058823529411764,0.011764705882352941,0.5,20.0,2.5,3.0,5.0,1.0,0.5,51,0,1,,,,9.35036838054657,3,0,0.0,9.475806385278702,0.0,0.0,0.0,8.4375,216.46875,1.546875,0.0,39.54520905147101,0.0,0.0117647061124444,,,2,1,inf,0.0,0.9772959873080254,nan,0.06208416214212775,0.006620281249979598,0.0,0.006492165624649715
2026-05-05T18:14:02,visdrone_f4,Fabricate only,640,4,0.0001,60,10,16,8,1,0.047058823529411764,0.011764705882352941,0.5,20.0,2.5,3.0,5.0,1.0,0.5,52,0,1,,,,9.35036838054657,4,0,0.0,9.405110478401184,0.0,0.0,0.0,7.9375,211.296875,1.640625,0.0,39.49681066798482,0.0,0.0117647061124444,,,2,1,inf,0.0,0.976245079189539,nan,0.06309753493405879,0.006754535937488981,0.0,0.006251381250194754
2026-05-05T18:14:02,visdrone_f4,Fabricate only,640,4,0.0001,60,10,16,8,1,0.047058823529411764,0.011764705882352941,0.5,20.0,2.5,3.0,5.0,1.0,0.5,53,0,1,,,,9.247244715690613,0,0,0.0,9.247244715690613,0.0,0.0,0.0,8.71875,221.21875,1.578125,0.0,39.513798113807674,0.0,0.0117647061124444,,,2,1,inf,0.0,0.9766187146306038,nan,0.06379094836302102,0.0059385312490576325,0.0,0.005883528124741133
2026-05-05T18:14:02,visdrone_f4,Fabricate only,640,4,0.0001,60,10,16,8,1,0.047058823529411764,0.011764705882352941,0.5,20.0,2.5,3.0,5.0,1.0,0.5,54,0,1,,,,9.247244715690613,1,0,0.0,9.333666980266571,0.0,0.0,0.0,8.0625,211.96875,1.640625,0.0,39.5767221672015,0.0,0.0117647061124444,,,2,1,inf,0.0,0.9762746579945087,nan,0.06316322251223028,0.006142496875099823,0.0,0.005779540625098889
2026-05-05T18:14:02,visdrone_f4,Fabricate only,640,4,0.0001,60,10,16,8,1,0.047058823529411764,0.011764705882352941,0.5,20.0,2.5,3.0,5.0,1.0,0.5,55,0,1,,,,9.247244715690613,2,0,0.0,9.516266226768494,0.0,0.0,0.0,8.21875,206.515625,1.71875,0.0,39.52803264443719,0.0,0.0117647061124444,,,2,1,inf,0.0,0.9761288054287434,nan,0.06362445116974413,0.005976959374720536,0.0,0.005928153125751123
2026-05-05T18:14:02,visdrone_f4,Fabricate only,640,4,0.0001,60,10,16,8,1,0.047058823529411764,0.011764705882352941,0.5,20.0,2.5,3.0,5.0,1.0,0.5,56,0,1,,,,9.247244715690613,3,0,0.0,9.28372871875763,0.0,0.0,0.0,8.1875,218.84375,1.6875,0.0,39.51891822511787,0.0,0.0117647061124444,,,2,1,inf,0.0,0.9767170958220959,nan,0.06452183681540191,0.006254079686641489,0.0,0.00573676718772731
2026-05-05T18:14:02,visdrone_f4,Fabricate only,640,4,0.0001,60,10,16,8,1,0.047058823529411764,0.011764705882352941,0.5,20.0,2.5,3.0,5.0,1.0,0.5,57,0,1,,,,9.227123498916626,0,0,0.0,9.227123498916626,0.0,0.0,0.0,8.71875,223.359375,1.5625,0.0,39.528213323201236,0.0,0.0117647061124444,,,2,1,inf,0.0,0.9765459522604942,nan,0.06322494870983064,0.005992246874711782,0.0,0.005900074999772187
2026-05-05T18:14:02,visdrone_f4,Fabricate only,640,4,0.0001,60,10,16,8,1,0.047058823529411764,0.011764705882352941,0.5,20.0,2.5,3.0,5.0,1.0,0.5,58,0,1,,,,9.227123498916626,1,0,0.0,9.391426235437393,0.0,0.0,0.0,7.75,211.0,1.703125,0.0,39.48741750751087,0.0,0.0117647061124444,,,2,1,inf,0.0,0.9767335541546345,nan,0.06318709929473698,0.006188709375237522,0.0,0.005795629687554538
2026-05-05T18:14:02,visdrone_f4,Fabricate only,640,4,0.0001,60,10,16,8,1,0.047058823529411764,0.011764705882352941,0.5,20.0,2.5,3.0,5.0,1.0,0.5,59,0,1,,,,9.227123498916626,2,0,0.0,9.31462287902832,0.0,0.0,0.0,8.890625,224.96875,1.65625,0.0,39.516367868502165,0.0,0.0117647061124444,,,2,1,inf,0.0,0.9767367467284203,nan,0.06350600300356746,0.006047385937336003,0.0,0.005889659375725387
2026-05-05T18:14:02,visdrone_f4,Fabricate only,640,4,0.0001,60,10,16,8,1,0.047058823529411764,0.011764705882352941,0.5,20.0,2.5,3.0,5.0,1.0,0.5,60,0,1,,,,9.227123498916626,3,0,0.0,9.254688113927841,0.0,0.0,0.0,8.4375,220.296875,1.59375,0.0,39.49462876748146,0.0,0.0117647061124444,,,2,1,inf,0.0,0.9764941595494747,nan,0.06316357362084091,0.006125731249767341,0.0,0.005712835937629279
